Blue_ADC,Blue_Support,Red_ADC,Red_Support,Bot_Gold_Diff_10,matchID,Blue_Win
Jinx,Janna,Sivir,Orianna,-1687,EUW1_6882489515,1
Jhin,Lulu,Jinx,Janna,-172,EUW1_6882416210,0
Ezreal,Soraka,Ashe,Thresh,-320,EUW1_6881092720,0
Ashe,Senna,Twitch,Janna,1211,EUW1_6879405717,0
Kaisa,Ashe,Kalista,Thresh,-429,EUW1_6879389461,1
Twitch,Nautilus,Jinx,Lulu,-2509,EUW1_6879371828,0
Jinx,Hwei,Zeri,Zyra,310,EUW1_6878383684,1
Samira,Sylas,Zeri,Lulu,482,EUW1_6878298308,1
Caitlyn,Ashe,Zeri,Janna,-997,EUW1_6878182424,1
MissFortune,Pyke,Jinx,Velkoz,-1724,EUW1_6878139143,0
Caitlyn,Karma,Kaisa,Alistar,662,EUW1_6878103014,1
Senna,Rakan,Zeri,Nautilus,-2649,EUW1_6878057215,0
Veigar,Janna,Jinx,Thresh,-1458,EUW1_6878033584,0
Ashe,Taliyah,Jinx,Senna,-130,EUW1_6878003846,1
Xayah,Thresh,Ezreal,Rakan,-102,EUW1_6877975035,1
Ezreal,Bard,Zeri,Braum,-2952,EUW1_6875344552,0
Sivir,Brand,Ezreal,Rakan,-788,EUW1_6875306770,0
Jhin,Xerath,Samira,Rakan,-690,EUW1_6875259973,0
Aphelios,Milio,Smolder,Janna,-335,EUW1_6875217596,1
Nilah,Alistar,Lucian,Janna,-807,EUW1_6875197822,0
Ezreal,Nautilus,Ashe,Leblanc,-1641,EUW1_6879360874,0
Zeri,Milio,Jinx,Lulu,-1190,EUW1_6869300631,0
Draven,Blitzcrank,Samira,Thresh,-869,EUW1_6869276441,0
Kaisa,Lux,Zeri,Janna,-2922,EUW1_6869246594,0
Ezreal,Yuumi,Brand,Ashe,3260,EUW1_6829920333,1
Jinx,Poppy,Zeri,Janna,2872,EUW1_6882482484,1
Jinx,Blitzcrank,Kaisa,Milio,1320,EUW1_6882456043,1
Ezreal,Alistar,Draven,Zyra,401,EUW1_6882436994,1
Varus,Nautilus,Samira,Zilean,1565,EUW1_6882425551,1
Ezreal,Thresh,Jinx,Milio,1130,EUW1_6880935420,1
Caitlyn,Xerath,Ashe,Janna,1055,EUW1_6880909380,1
Zeri,Yuumi,Twitch,Rell,-2694,EUW1_6880890229,0
Sivir,Zilean,Zeri,Pyke,-2076,EUW1_6879474161,0
Zoe,Lulu,Jinx,Janna,1097,EUW1_6879450066,1
Samira,Elise,Jinx,Milio,1303,EUW1_6879424931,0
Jhin,Janna,Ezreal,Rell,639,EUW1_6879325614,0
Ashe,Lulu,Jinx,Nautilus,-384,EUW1_6879310911,0
Ashe,Leona,Yasuo,Lux,-771,EUW1_6878006751,0
Zeri,Rell,Twitch,Camille,505,EUW1_6877969177,0
Morgana,Senna,Jinx,Rell,-152,EUW1_6877956644,1
Zeri,Yuumi,Samira,Rakan,-1357,EUW1_6877891153,0
Samira,Nautilus,Kaisa,Brand,581,EUW1_6877879899,0
Zeri,Blitzcrank,Ezreal,Rakan,-848,EUW1_6877867925,0
Ezreal,Zyra,Aphelios,Janna,-1132,EUW1_6877850091,1
Zeri,Braum,Ezreal,Velkoz,-386,EUW1_6879349198,0
Jinx,Lulu,Kaisa,Rakan,-432,EUW1_6872767863,0
Kaisa,Leona,Xayah,Bard,405,EUW1_6872712198,1
Twitch,Sona,Kaisa,Taric,-297,EUW1_6872638403,1
Kaisa,Pantheon,Jinx,Lulu,1166,EUW1_6872613273,1
Ziggs,Senna,Kaisa,Nautilus,965,EUW1_6870154666,1
Jinx,Milio,Kaisa,Thresh,276,EUW1_6869224469,1
Seraphine,Taric,Kaisa,Soraka,-532,EUW1_6869187175,1
Kaisa,Velkoz,Twitch,Soraka,1262,EUW1_6869159452,1
Ashe,Lissandra,Kaisa,Yuumi,685,EUW1_6867771512,1
Kaisa,Renata,Zeri,Maokai,1710,EUW1_6867736241,1
Ezreal,Thresh,Kaisa,Lulu,368,EUW1_6867728692,1
Aphelios,Zilean,Kaisa,Sona,645,EUW1_6867706172,1
Jinx,Zyra,Kaisa,Lulu,-257,EUW1_6867692806,0
Kaisa,Pyke,Vayne,Janna,1778,EUW1_6867677699,1
Chogath,Senna,Kaisa,Janna,-29,EUW1_6867663986,1
Zeri,Soraka,Kaisa,Renata,809,EUW1_6867658653,1
Ashe,Rakan,Kaisa,Janna,375,EUW1_6866602810,1
Twitch,Milio,Zeri,Nautilus,2606,EUW1_6883322609,1
Jinx,Lulu,Twitch,Milio,-437,EUW1_6883246513,0
Zeri,Pyke,Lucian,Senna,1776,EUW1_6883171691,1
Zeri,Neeko,Ezreal,Karma,-1240,EUW1_6882840815,0
Zeri,Blitzcrank,Jinx,Pyke,1644,EUW1_6882786083,1
Jinx,Milio,Twitch,Yuumi,357,EUW1_6881799024,1
Varus,Janna,Jinx,Neeko,115,EUW1_6881697918,0
Jinx,Neeko,Katarina,Yuumi,148,EUW1_6879962130,0
Varus,Pyke,Jinx,Lulu,-364,EUW1_6879899279,1
Ezreal,Zac,Jinx,Thresh,1273,EUW1_6879616200,0
Kaisa,Leona,Vayne,Neeko,-790,EUW1_6879474038,1
Nilah,Taliyah,Jinx,Milio,747,EUW1_6879440356,1
Zeri,Zyra,Jinx,Karma,-510,EUW1_6879427639,0
Twitch,Lulu,Jinx,Rakan,347,EUW1_6879399367,1
Kaisa,Ashe,Jinx,Neeko,1577,EUW1_6878860917,1
Jinx,Neeko,Kaisa,Lulu,889,EUW1_6878800720,1
Jinx,Neeko,Twitch,Lulu,568,EUW1_6878753644,1
Vayne,Leblanc,Twitch,Neeko,-1990,EUW1_6878702910,0
Malzahar,Blitzcrank,Jinx,Neeko,-1132,EUW1_6878658793,0
Jinx,Karma,Draven,Thresh,695,EUW1_6881065995,0
Twitch,Sona,Lucian,Alistar,994,EUW1_6881016403,0
MissFortune,Volibear,Ashe,Blitzcrank,-1207,EUW1_6880972212,1
Sivir,Nautilus,Seraphine,Sona,1110,EUW1_6880905919,0
Draven,Rakan,Varus,Senna,-806,EUW1_6880887817,0
Ezreal,Pyke,Jinx,Lulu,-1290,EUW1_6880876517,0
MissFortune,Bard,Jinx,Leona,1069,EUW1_6880857669,0
Zeri,Seraphine,Ezreal,Neeko,724,EUW1_6879724981,1
Zeri,Bard,Karthus,Milio,39,EUW1_6879641249,0
Yasuo,Pyke,Jinx,Thresh,95,EUW1_6879605389,0
Xayah,Soraka,Jinx,Janna,-151,EUW1_6879548140,0
Kalista,Thresh,Karthus,Blitzcrank,1288,EUW1_6879516026,1
Lucian,Milio,Samira,Camille,-963,EUW1_6879477830,0
Ezreal,Janna,Kaisa,Karma,-1097,EUW1_6879416454,0
Zeri,Braum,Jinx,Janna,834,EUW1_6879395202,1
Kaisa,Janna,Nilah,Rakan,1685,EUW1_6878727750,0
Kaisa,Rakan,Zeri,Janna,28,EUW1_6878668033,1
Varus,Lulu,Karthus,Sona,-2741,EUW1_6878594652,1
Vayne,Zyra,Jinx,Milio,720,EUW1_6883426016,1
Vayne,Sona,Jinx,Camille,-1581,EUW1_6882923538,0
Aphelios,Janna,Jinx,Rakan,4941,EUW1_6882415490,1
Caitlyn,Xerath,Twitch,Nautilus,-62,EUW1_6882392893,0
Zeri,Seraphine,Jinx,Pyke,-786,EUW1_6881540057,0
Jhin,Rakan,Lucian,Zoe,388,EUW1_6881474931,0
Caitlyn,Blitzcrank,Kaisa,Rakan,1709,EUW1_6881140491,0
Jinx,Thresh,Ezreal,Hwei,-1522,EUW1_6881049630,1
Kaisa,Thresh,Smolder,Janna,1160,EUW1_6881015899,1
Zeri,Bard,Jhin,Annie,-614,EUW1_6880971360,1
Nilah,Nautilus,Twitch,Rakan,431,EUW1_6880953683,1
Seraphine,Poppy,Samira,Amumu,327,EUW1_6880919285,1
Kaisa,Nami,Yasuo,Pantheon,656,EUW1_6880708911,1
Jinx,Janna,Senna,Soraka,-2697,EUW1_6880677044,0
Jinx,Janna,Karthus,Rakan,-210,EUW1_6880486949,1
Ashe,Karma,Draven,Thresh,-2727,EUW1_6880419347,0
Zeri,Pyke,Vayne,Lulu,680,EUW1_6880357829,0
Zeri,Zyra,Jinx,Janna,1574,EUW1_6880291602,0
Draven,Renata,Kaisa,Lulu,-324,EUW1_6879986819,1
Varus,Janna,Jinx,Rumble,-549,EUW1_6879774455,1
Aphelios,Nami,Draven,Zilean,-1501,EUW1_6879533217,0
Zeri,Karma,Vayne,Nami,1193,EUW1_6879504011,0
Jinx,Senna,Zeri,Rakan,2256,EUW1_6879473510,1
Jinx,Camille,Kaisa,Alistar,974,EUW1_6879429807,1
Draven,Nautilus,Jinx,Morgana,724,EUW1_6879415577,1
Xayah,Rell,Samira,Nautilus,-1090,EUW1_6879369009,1
Kalista,Braum,Draven,Blitzcrank,-949,EUW1_6879362596,0
Samira,Nautilus,Jhin,Xerath,28,EUW1_6879328443,0
Varus,Thresh,Samira,Rell,-676,EUW1_6879320011,0
Lucian,Nami,Sivir,Rell,160,EUW1_6878045943,0
Xayah,Rakan,Sivir,Soraka,413,EUW1_6878001527,1
KogMaw,Nautilus,Zeri,Taliyah,-680,EUW1_6877966845,1
Zeri,Nami,Veigar,Yuumi,57,EUW1_6883451934,0
Veigar,Yuumi,Draven,Nami,-477,EUW1_6883396806,1
Jinx,Lulu,Lucian,Blitzcrank,-1624,EUW1_6880795048,0
Zeri,Yuumi,Samira,Zilean,1263,EUW1_6880775183,0
Jinx,Lulu,Caitlyn,Karma,-1573,EUW1_6880761807,1
Kaisa,Leona,Lucian,Nami,-3551,EUW1_6879619336,0
Draven,Lux,Twitch,Nami,-618,EUW1_6879561243,1
KogMaw,Alistar,Caitlyn,Karma,39,EUW1_6879356460,1
Kalista,Bard,Aphelios,Thresh,3459,EUW1_6879339844,1
Yasuo,Senna,Jhin,Zyra,3596,EUW1_6868199566,1
Yasuo,Gragas,Draven,Karma,614,EUW1_6868139201,1
Yasuo,Sona,Caitlyn,Janna,-517,EUW1_6868082263,0
Kaisa,Bard,Jinx,Milio,-420,EUW1_6808036707,1
Nilah,Maokai,Kalista,Hwei,4549,EUW1_6793327751,1
Vayne,Janna,Caitlyn,Senna,1710,EUW1_6793280673,1
Kalista,Rakan,Kaisa,Pyke,-32,EUW1_6782802885,1
Varus,Thresh,Ashe,Karma,-311,EUW1_6883090969,1
Vayne,Pyke,Zeri,Lulu,-649,EUW1_6882971613,0
Zeri,Milio,Jinx,Lulu,67,EUW1_6881336498,0
Jhin,Nautilus,Aphelios,Janna,904,EUW1_6880977444,1
Tristana,Lulu,Zeri,Milio,638,EUW1_6880831027,1
Jinx,Camille,Zeri,Lulu,-2407,EUW1_6880019896,0
Akshan,Janna,KogMaw,Lulu,-337,EUW1_6879984965,1
Samira,Maokai,Jinx,Lulu,-1140,EUW1_6879392451,0
Kaisa,Nami,Jinx,Lulu,-1863,EUW1_6878691339,0
Twitch,Lulu,Zeri,Zyra,372,EUW1_6878618879,1
Lucian,Bard,Kaisa,Nautilus,526,EUW1_6849046095,1
Varus,Lulu,Zeri,Senna,2580,EUW1_6838707119,1
TwistedFate,Thresh,Kaisa,Senna,720,EUW1_6838495999,0
Samira,Leona,Ezreal,Ashe,-1873,EUW1_6838429031,0
Samira,Nautilus,Senna,Alistar,-1908,EUW1_6819232669,0
Smolder,Karma,Sivir,Blitzcrank,407,EUW1_6816947440,0
Jhin,Senna,Lucian,Maokai,442,EUW1_6816888146,1
Jhin,Karma,Caitlyn,Maokai,-867,EUW1_6813819315,0
Ashe,Rakan,Ezreal,Janna,71,EUW1_6813780009,1
Lucian,Nautilus,Vayne,Lulu,-450,EUW1_6883736386,0
Twitch,FiddleSticks,Yasuo,Braum,987,EUW1_6883726492,1
Varus,Alistar,Jinx,Nami,-1822,EUW1_6882964887,0
Ezreal,Nautilus,Vayne,Ashe,-2141,EUW1_6882485375,0
Kaisa,Blitzcrank,Jinx,Rell,871,EUW1_6882461379,0
Varus,Xerath,Chogath,Senna,497,EUW1_6882367191,1
Zyra,Senna,Samira,Leona,402,EUW1_6881208146,1
Kaisa,Blitzcrank,Jinx,Karma,385,EUW1_6881172520,1
Vayne,Pyke,Jinx,Milio,3230,EUW1_6880959372,1
Seraphine,Senna,Twitch,Shaco,39,EUW1_6879380283,1
Draven,Janna,Jinx,Lulu,1383,EUW1_6879360353,0
Xayah,Ashe,Jinx,Pyke,-844,EUW1_6878596740,0
Jinx,Zyra,Xayah,Janna,264,EUW1_6878567709,0
Caitlyn,Thresh,Jinx,Janna,1528,EUW1_6878521823,0
Twitch,Nami,Jinx,Rakan,-1002,EUW1_6878469892,0
Varus,Janna,Kaisa,Thresh,-539,EUW1_6878436527,1
Ashe,Bard,Sivir,Nautilus,-233,EUW1_6878318723,1
Twitch,Camille,Kaisa,Nautilus,1477,EUW1_6878246309,1
Vayne,Rell,Twitch,Nami,-307,EUW1_6878213684,1
Jhin,Zoe,Kaisa,Blitzcrank,1039,EUW1_6881559835,1
Draven,Thresh,Aphelios,Janna,562,EUW1_6881481936,1
Draven,Janna,Jinx,Lulu,1096,EUW1_6881443646,1
Chogath,Zilean,Xayah,Sylas,1181,EUW1_6881361419,0
Ezreal,Blitzcrank,Swain,Janna,-640,EUW1_6881306887,0
Varus,Renata,Jinx,Lulu,461,EUW1_6881258688,0
Vayne,Sona,Draven,Nami,-734,EUW1_6881197251,1
Jinx,Milio,Twitch,Senna,-178,EUW1_6880902720,0
Jinx,Janna,Twitch,Camille,-1795,EUW1_6880881273,0
Kaisa,Nautilus,Twitch,Lux,-857,EUW1_6879369836,0
Varus,TahmKench,LeeSin,Senna,-2907,EUW1_6879337283,0
Draven,Soraka,Jinx,TahmKench,3452,EUW1_6879322449,0
Ashe,Milio,Smolder,Ekko,2174,EUW1_6879316876,0
Vayne,Pyke,Smolder,Leona,-1235,EUW1_6879305890,0
Zeri,Twitch,Kaisa,Lulu,532,EUW1_6879285795,1
KogMaw,Sona,Vayne,Velkoz,-2551,EUW1_6879257540,0
Jinx,Zilean,Twitch,Nautilus,-48,EUW1_6879215084,0
Samira,Lux,Ashe,Rakan,804,EUW1_6877959455,1
Zeri,Braum,Lucian,Milio,-1591,EUW1_6877938062,1
Zeri,Taric,KogMaw,Lulu,-270,EUW1_6883768747,0
Lucian,Janna,Zeri,Milio,-536,EUW1_6883649421,0
Aphelios,JarvanIV,Zeri,Nautilus,-843,EUW1_6883632185,0
Ezreal,Neeko,Twitch,Alistar,619,EUW1_6883516203,1
Lucian,Nami,Ziggs,Rell,1311,EUW1_6883482493,0
Lucian,Nami,Zeri,Annie,-1578,EUW1_6883442460,0
Kaisa,Alistar,Ezreal,Milio,-636,EUW1_6883394231,0
Kaisa,Blitzcrank,Lucian,Nami,-1301,EUW1_6882750553,0
Jinx,Senna,Caitlyn,Blitzcrank,-2272,EUW1_6882665091,1
Kaisa,Karma,Aphelios,Bard,419,EUW1_6882634513,1
Caitlyn,Velkoz,Jinx,Warwick,1621,EUW1_6882591708,0
Jinx,Soraka,Caitlyn,Brand,-516,EUW1_6882471906,1
Caitlyn,Janna,Kaisa,Velkoz,-692,EUW1_6882440457,0
Jinx,Lulu,Twitch,Blitzcrank,-1385,EUW1_6882381419,0
Caitlyn,Rell,Vayne,Rakan,1178,EUW1_6882211110,1
Caitlyn,Senna,Xayah,Zyra,2154,EUW1_6881389247,1
Zeri,Taric,Kaisa,Janna,-1828,EUW1_6881254628,0
Jinx,Rakan,Twitch,Taric,-1927,EUW1_6881205666,0
Kaisa,Braum,Twitch,Milio,-1095,EUW1_6883756729,0
Samira,Blitzcrank,Ashe,Janna,-418,EUW1_6883745706,0
Zeri,Milio,Varus,Maokai,43,EUW1_6883368045,1
Ezreal,Bard,Twitch,Morgana,-1060,EUW1_6883007615,0
Jinx,Bard,Ezreal,Thresh,159,EUW1_6882954907,1
Jinx,Bard,Twitch,Rell,862,EUW1_6882638680,1
Caitlyn,Janna,Jhin,Lux,32,EUW1_6882585770,0
Lucian,Milio,Vayne,Hwei,1076,EUW1_6882077668,0
Draven,Janna,Jinx,Lulu,1877,EUW1_6882003350,1
Varus,Kaisa,Jinx,Milio,-540,EUW1_6881531470,1
Twitch,Maokai,Jinx,Braum,813,EUW1_6881453186,0
Kaisa,Nautilus,Draven,Pantheon,-4358,EUW1_6881277729,0
Kalista,Nautilus,Caitlyn,Nasus,931,EUW1_6881223965,1
Jinx,Lulu,Ezreal,Milio,1305,EUW1_6880530945,1
Ezreal,Nautilus,Twitch,Milio,446,EUW1_6880429581,0
Lucian,Milio,Jhin,Shaco,1932,EUW1_6880327429,1
Vayne,Milio,Jhin,Pyke,576,EUW1_6880216498,0
Seraphine,Senna,Aphelios,Blitzcrank,1545,EUW1_6880004149,1
Zeri,Nami,Kaisa,Nautilus,-1210,EUW1_6879962678,0
Veigar,Maokai,Twitch,Milio,-654,EUW1_6879884994,0
Zeri,Janna,Twitch,Milio,151,EUW1_6882250226,0
Kaisa,Hwei,Ashe,Heimerdinger,2036,EUW1_6882233394,1
Jinx,Camille,Ashe,Poppy,1144,EUW1_6882216219,1
Jinx,Rakan,Kaisa,Rell,177,EUW1_6882041448,1
Xayah,Rakan,Aphelios,Shaco,1203,EUW1_6881979904,1
Lucian,Milio,Vayne,Zilean,784,EUW1_6881905108,1
Kaisa,Rell,Aphelios,Sylas,-1556,EUW1_6881832212,1
Kaisa,Alistar,Ezreal,Rell,-1213,EUW1_6881782467,1
Lucian,Nami,Zeri,Karma,-1288,EUW1_6881707718,1
Twitch,Lulu,Jhin,Karma,-1950,EUW1_6881461686,0
Draven,Rell,Varus,Leona,2626,EUW1_6881427470,1
Jinx,Nami,Zeri,Karma,855,EUW1_6881372685,0
Lucian,Pantheon,Ashe,Nami,3018,EUW1_6881251914,1
Jinx,Janna,Twitch,Nami,-2600,EUW1_6881183366,0
Jinx,Yuumi,Ezreal,Blitzcrank,-280,EUW1_6881142909,0
Vayne,Lulu,Sivir,Janna,2538,EUW1_6881110704,1
Jinx,Hwei,Lucian,Brand,214,EUW1_6881072795,0
Twitch,Zilean,Ezreal,Nami,18,EUW1_6881027918,1
Twitch,Zyra,Yasuo,Alistar,3807,EUW1_6879366724,0
Twitch,Pyke,Ashe,Nautilus,295,EUW1_6882200739,1
Aphelios,Karma,Kaisa,Rell,857,EUW1_6881747858,1
Kaisa,Ekko,Jinx,Lulu,-505,EUW1_6879337200,1
Ezreal,Janna,Kaisa,Rakan,600,EUW1_6877060901,1
Jinx,Neeko,Swain,Rakan,2709,EUW1_6877018230,1
Aphelios,Nunu,Twitch,Janna,332,EUW1_6876971960,0
Aphelios,Braum,Caitlyn,Velkoz,-575,EUW1_6876938702,1
Yasuo,Janna,Smolder,Velkoz,1824,EUW1_6875587112,0
Varus,Lissandra,Yasuo,Maokai,1564,EUW1_6875541157,1
Lucian,Nami,Draven,Poppy,2169,EUW1_6875508171,1
Lucian,Milio,Kaisa,Braum,130,EUW1_6875002938,0
Kaisa,Rell,Samira,Pyke,-1386,EUW1_6874992720,1
Kaisa,Camille,Jinx,Pyke,1295,EUW1_6874361327,0
Zeri,Lulu,Jinx,Hwei,2937,EUW1_6874109314,1
Smolder,Thresh,Kaisa,Janna,-638,EUW1_6874072096,0
Jinx,Neeko,Twitch,Blitzcrank,2258,EUW1_6874036095,1
Twitch,Zilean,Kalista,Camille,-3840,EUW1_6874006538,0
Yasuo,Senna,Zeri,Janna,-530,EUW1_6883748453,0
Yasuo,Janna,Sivir,Yuumi,198,EUW1_6883736487,1
Yasuo,Janna,Jinx,Soraka,3242,EUW1_6882628166,1
Yasuo,Elise,Jinx,Brand,-1532,EUW1_6882564620,0
Yasuo,Janna,Twitch,Sona,1207,EUW1_6882532507,1
Zeri,Milio,Yasuo,Nautilus,-193,EUW1_6882321727,0
Yasuo,Taliyah,Yone,Rell,1843,EUW1_6882301849,1
Swain,Senna,Yasuo,Thresh,719,EUW1_6880997682,1
Draven,Maokai,Yasuo,Velkoz,1441,EUW1_6880956220,0
Lucian,Nami,Yasuo,Camille,-1141,EUW1_6880891364,0
Yasuo,Milio,Draven,Soraka,53,EUW1_6880883575,1
Yasuo,Zyra,Zeri,Pantheon,-3170,EUW1_6880860784,0
Xayah,Braum,Samira,Rell,89,EUW1_6879327200,1
Aphelios,Nautilus,Yasuo,Senna,1275,EUW1_6879293193,1
Zeri,Rell,Draven,Pantheon,-338,EUW1_6879285900,1
Xayah,Camille,Yasuo,Renata,785,EUW1_6877924362,1
Draven,Twitch,Yasuo,Yuumi,3521,EUW1_6877919936,0
Yasuo,Twitch,Zyra,Nami,2612,EUW1_6877906540,1
Twitch,Thresh,Vayne,Pyke,762,EUW1_6883753591,1
Vayne,Janna,Xayah,Taric,-2636,EUW1_6883725319,0
Draven,Milio,Ezreal,Lux,2988,EUW1_6883567739,0
Vayne,Senna,Twitch,Lulu,-360,EUW1_6883535555,0
Vayne,Lulu,Ezreal,Karma,-1535,EUW1_6883492299,1
Vayne,Lulu,Ezreal,FiddleSticks,-337,EUW1_6883455127,0
Samira,Nautilus,Vayne,Thresh,-1021,EUW1_6883407256,1
Vayne,Pyke,Zeri,Yuumi,2355,EUW1_6883360182,1
Jinx,Zilean,Twitch,Janna,519,EUW1_6882728661,1
Kaisa,Blitzcrank,Vayne,Morgana,767,EUW1_6882699792,1
Twitch,Nautilus,Jinx,Karma,786,EUW1_6882658494,1
Ashe,Taric,Jinx,Blitzcrank,-611,EUW1_6882547435,1
Ezreal,Janna,Jinx,Thresh,1939,EUW1_6882522022,1
Samira,Nautilus,Sivir,Brand,1535,EUW1_6882466953,1
Jinx,Nami,Ezreal,Thresh,660,EUW1_6882443287,0
Lucian,Seraphine,Jinx,Rell,307,EUW1_6882428746,0
Ezreal,Seraphine,Vayne,Nautilus,293,EUW1_6882408050,1
Vayne,Karma,Zed,Neeko,795,EUW1_6882391914,0
Varus,Janna,Ezreal,Bard,550,EUW1_6882369633,0
Kaisa,Seraphine,Jhin,Bard,435,EUW1_6883046460,0
Zeri,Velkoz,Samira,Nautilus,2147,EUW1_6882958022,0
Twitch,Lulu,Zeri,Velkoz,727,EUW1_6882878374,0
Ashe,Velkoz,Jhin,Janna,-732,EUW1_6882823760,1
Jinx,Velkoz,Kaisa,Senna,696,EUW1_6882784203,1
Aphelios,Thresh,Jinx,Nami,-55,EUW1_6882698849,1
Smolder,Velkoz,Nilah,Janna,419,EUW1_6882646729,0
Kaisa,Nautilus,TwistedFate,Seraphine,1149,EUW1_6882550214,1
Jinx,Janna,Varus,Velkoz,-541,EUW1_6882462267,0
Vayne,Velkoz,Lucian,Nami,-1461,EUW1_6881757671,0
Twitch,Seraphine,KogMaw,Lulu,-905,EUW1_6881683469,1
Jinx,JarvanIV,Twitch,Velkoz,-1229,EUW1_6881630482,0
Kaisa,Janna,Jhin,Seraphine,-1732,EUW1_6881579065,0
Twitch,Velkoz,Ezreal,Brand,1342,EUW1_6879467989,0
Kaisa,Nautilus,Jinx,Sona,-401,EUW1_6879441993,1
Twitch,Janna,Zeri,Nami,-673,EUW1_6879416896,0
Caitlyn,Velkoz,Aphelios,Bard,-166,EUW1_6878812536,0
Yasuo,Velkoz,Ashe,Nautilus,474,EUW1_6878745552,1
Karthus,Camille,Jinx,Braum,-323,EUW1_6883413720,0
Yasuo,Renata,Swain,Thresh,-674,EUW1_6883340427,1
Ezreal,Thresh,Draven,Camille,-853,EUW1_6883294778,0
Kaisa,Braum,Zeri,Bard,-1530,EUW1_6883232334,0
Zeri,Lulu,Kaisa,Blitzcrank,79,EUW1_6882713200,1
Varus,Senna,Sivir,Blitzcrank,-3612,EUW1_6882662351,0
Zeri,Lulu,Caitlyn,Karma,-1010,EUW1_6882588759,1
Nilah,Leona,Ashe,Janna,-972,EUW1_6882455915,1
Jinx,Seraphine,Sivir,Rakan,-790,EUW1_6882446636,0
Ezreal,Braum,Twitch,Thresh,-336,EUW1_6882410589,1
Lucian,Janna,Ezreal,Milio,-1233,EUW1_6882382135,1
Ashe,Janna,KogMaw,Karma,-1090,EUW1_6882379524,1
Sivir,Janna,Yasuo,Jax,-1534,EUW1_6882096566,1
Zeri,Nami,Vayne,Poppy,4842,EUW1_6882039335,1
Caitlyn,Janna,Jhin,Soraka,-202,EUW1_6882000768,1
Zeri,Yuumi,Vayne,Pyke,-18,EUW1_6881934670,1
Kaisa,Vex,Draven,Nautilus,-2259,EUW1_6880931895,0
Jhin,Velkoz,Vayne,Janna,645,EUW1_6880002389,1
Twitch,Lulu,Samira,Velkoz,-1899,EUW1_6879899082,0
Jhin,Senna,Vayne,Camille,587,EUW1_6879738962,0
Lucian,Velkoz,Jinx,Sona,697,EUW1_6879683276,1
Draven,Nautilus,Jinx,Velkoz,3524,EUW1_6879571892,1
Draven,Blitzcrank,Ezreal,Velkoz,-19,EUW1_6879531527,1
Jhin,Pyke,Varus,Camille,-1704,EUW1_6879484880,0
Varus,Blitzcrank,Ashe,Bard,1007,EUW1_6879440067,1
Zeri,Blitzcrank,Sivir,Zilean,-628,EUW1_6878416750,0
Twitch,Janna,Zeri,Nautilus,-580,EUW1_6878202362,1
Jinx,Thresh,Caitlyn,Pyke,415,EUW1_6878167270,1
Varus,Velkoz,Jinx,Braum,1621,EUW1_6878020349,0
Samira,Alistar,Lucian,Pyke,734,EUW1_6877606779,0
Ezreal,Karma,Jax,Senna,2693,EUW1_6877551847,1
Varus,Pantheon,Xayah,Nautilus,-747,EUW1_6877198497,0
Kaisa,Milio,Hwei,Teemo,1911,EUW1_6877146684,1
Twitch,Yuumi,Kaisa,Nautilus,-336,EUW1_6877088986,1
KogMaw,Milio,Zeri,Brand,-162,EUW1_6876917346,0
Lucian,Leona,Draven,Blitzcrank,165,EUW1_6876855323,0
Jinx,Nautilus,Vayne,Lulu,403,EUW1_6883755694,1
Ezreal,Brand,Kalista,Nautilus,903,EUW1_6883725455,1
Jinx,Thresh,Twitch,Sona,-914,EUW1_6883711227,1
Ashe,Rumble,Zeri,Lux,1655,EUW1_6883637304,0
Varus,Leona,Ezreal,Nami,252,EUW1_6883608843,0
Jinx,Milio,Ashe,Leona,-625,EUW1_6883503868,1
Jinx,Milio,Zeri,Yuumi,748,EUW1_6883255472,1
Ezreal,Zilean,Kaisa,Pyke,223,EUW1_6883164098,1
Jinx,Thresh,Zeri,Sona,-772,EUW1_6882291036,0
KogMaw,Pyke,Ashe,Zyra,978,EUW1_6882276576,0
Jinx,Braum,Kaisa,Blitzcrank,-1701,EUW1_6881877054,0
MissFortune,Yuumi,Jinx,Sona,-817,EUW1_6881565112,0
Kaisa,Taric,Jinx,Rell,14,EUW1_6881505021,1
Ashe,Lulu,Ezreal,Braum,1831,EUW1_6880469168,0
Xayah,Milio,Ashe,Thresh,-1840,EUW1_6880402597,0
Seraphine,Maokai,Jinx,Janna,-269,EUW1_6880043334,0
Zeri,Pyke,Jinx,Zyra,-379,EUW1_6879225998,0
Zeri,Zilean,Jinx,Renata,757,EUW1_6879122020,1
Ezreal,Soraka,Twitch,Janna,601,EUW1_6883232167,0
Sivir,Janna,Ezreal,Ashe,-2215,EUW1_6882693028,1
Jinx,Janna,Ashe,Lulu,-1006,EUW1_6882632191,0
Zeri,Braum,Jinx,Lulu,-1656,EUW1_6882584163,0
Tristana,Rell,Zeri,Milio,641,EUW1_6882248137,1
Ezreal,Maokai,Draven,Rumble,1944,EUW1_6882237819,1
Jinx,Braum,Ashe,Zilean,1847,EUW1_6882213057,0
Ashe,Thresh,Draven,Nautilus,-1938,EUW1_6882130666,0
Zeri,TahmKench,Ashe,Senna,-3816,EUW1_6882076110,0
Jinx,Lulu,MissFortune,JarvanIV,-858,EUW1_6882013396,1
Kalista,Maokai,Jinx,Lulu,271,EUW1_6881961127,0
Lucian,Milio,Ezreal,Soraka,1078,EUW1_6881851725,1
Xayah,Rakan,Ezreal,Braum,909,EUW1_6880701834,0
Tristana,Renata,AurelionSol,Janna,1321,EUW1_6880674670,0
Lucian,Pyke,Jhin,Zyra,1735,EUW1_6880629826,1
Kalista,Camille,Ezreal,Janna,1144,EUW1_6880596478,1
Kaisa,Shaco,Zeri,Braum,555,EUW1_6880535071,0
Vayne,Karma,Lucian,Milio,-3107,EUW1_6880271467,0
Twitch,Zilean,Ashe,Bard,3533,EUW1_6880216591,1
Jinx,Lulu,Vayne,Thresh,900,EUW1_6883329187,1
Jinx,Sylas,Kaisa,Zilean,200,EUW1_6883264377,0
Twitch,Pyke,Jinx,Lulu,-1911,EUW1_6883017845,0
Kaisa,Janna,Zeri,Lulu,-1019,EUW1_6882979020,0
KogMaw,Lulu,Ezreal,Taric,-2098,EUW1_6882952656,0
Ezreal,Senna,KogMaw,Lulu,1266,EUW1_6882871486,0
Twitch,Rakan,Zeri,Thresh,-723,EUW1_6882827763,1
Ashe,Ivern,Tristana,Nautilus,-228,EUW1_6882782194,1
TwistedFate,Seraphine,Varus,Rumble,1387,EUW1_6882740098,0
Nilah,Soraka,Twitch,Milio,-2781,EUW1_6882698137,1
Zeri,Blitzcrank,Fiora,Nautilus,1125,EUW1_6882659376,0
Draven,Janna,Ezreal,Ashe,-1612,EUW1_6882622277,0
Aphelios,Thresh,Zeri,Janna,346,EUW1_6882599432,1
Jinx,Camille,Ezreal,Senna,821,EUW1_6882570739,0
KogMaw,Lulu,Yasuo,Janna,-770,EUW1_6882547652,0
Jinx,Lulu,Aphelios,Pyke,-3624,EUW1_6882508925,0
Zeri,Thresh,Jhin,Blitzcrank,1056,EUW1_6881796687,1
Draven,Rumble,Samira,Rakan,1813,EUW1_6877265126,0
Kaisa,Alistar,Xayah,Rakan,-835,EUW1_6877169136,0
Hwei,Senna,Caitlyn,Janna,-112,EUW1_6877114092,0
Kalista,Ashe,Jinx,Janna,917,EUW1_6876901353,1
Kaisa,Soraka,Xayah,Rakan,-985,EUW1_6876373487,0
Zeri,Soraka,Twitch,Bard,1793,EUW1_6876347539,0
Smolder,Nautilus,Lucian,Ashe,833,EUW1_6876187816,1
Smolder,Yuumi,Zeri,Nautilus,-611,EUW1_6875457374,0
Kaisa,Alistar,Zeri,Soraka,-1591,EUW1_6875412122,0
Jhin,Janna,Lucian,Rell,91,EUW1_6875352530,0
Sivir,Pyke,Jinx,Soraka,2634,EUW1_6874544701,0
Caitlyn,Neeko,Aphelios,Lulu,319,EUW1_6872967257,0
Aphelios,Lulu,Twitch,Janna,817,EUW1_6872715627,0
Caitlyn,Senna,Kaisa,Ashe,-3171,EUW1_6852872454,0
Jinx,Alistar,Kaisa,Zyra,-874,EUW1_6882541559,0
MissFortune,Rell,Jinx,Neeko,736,EUW1_6878188600,0
Aphelios,Lulu,Zeri,Janna,554,EUW1_6877576196,0
Kaisa,Braum,Aphelios,Janna,-205,EUW1_6877051418,0
Kaisa,Nautilus,Xayah,Xerath,2662,EUW1_6876825809,1
MissFortune,Pyke,Jinx,Braum,1604,EUW1_6876216948,0
Jinx,Thresh,Kaisa,Seraphine,2334,EUW1_6876151010,1
Kaisa,Camille,Yasuo,Senna,-2818,EUW1_6876019465,0
Draven,Pyke,Jinx,Alistar,-221,EUW1_6875747723,0
Smolder,Janna,Kaisa,Sona,-587,EUW1_6875679721,0
Caitlyn,Senna,Jinx,Milio,-191,EUW1_6875472334,0
Jinx,Renata,Ashe,Janna,435,EUW1_6875442574,0
Draven,Thresh,Aphelios,Shaco,251,EUW1_6875408525,0
Ezreal,Pyke,Kaisa,Thresh,-877,EUW1_6874294053,1
Jinx,Lulu,Kaisa,Leona,1430,EUW1_6874247786,1
Jinx,Velkoz,Ashe,Senna,-320,EUW1_6874075296,1
Nilah,Shaco,Kalista,Rell,-325,EUW1_6874042005,0
Xayah,Blitzcrank,Vayne,Janna,168,EUW1_6874016494,1
Zeri,Lulu,Kalista,Blitzcrank,-729,EUW1_6883592067,0
MissFortune,Nautilus,Kaisa,Rakan,340,EUW1_6883566594,1
Ezreal,Bard,Lucian,Nami,453,EUW1_6882120958,1
Ezreal,Rakan,Kaisa,Leona,-283,EUW1_6876887994,0
Zeri,Lulu,Varus,Velkoz,179,EUW1_6876854017,0
Samira,Bard,Nilah,Rakan,728,EUW1_6876819733,1
Zeri,Leona,Jinx,Zilean,724,EUW1_6876743204,0
Samira,Nautilus,Caitlyn,Karma,1109,EUW1_6876076786,0
Kaisa,Thresh,Lucian,Milio,761,EUW1_6876016519,0
Kaisa,Nautilus,Samira,Thresh,-625,EUW1_6875946313,0
Draven,Camille,Chogath,Senna,3319,EUW1_6875577339,1
Jhin,Karma,Tristana,Thresh,-1031,EUW1_6875540827,0
Twitch,Braum,Jinx,Karma,595,EUW1_6875494854,1
MissFortune,Pyke,Jinx,Alistar,2415,EUW1_6875461531,1
Yasuo,Bard,Jinx,Blitzcrank,27,EUW1_6875399080,0
Ashe,FiddleSticks,Caitlyn,Alistar,-161,EUW1_6875350846,0
Jinx,Janna,Zeri,Yuumi,335,EUW1_6875318072,1
Caitlyn,Xerath,Jinx,Milio,3214,EUW1_6875191146,1
MissFortune,Braum,Jinx,Rell,-497,EUW1_6875167936,1
MissFortune,Seraphine,Zeri,Yuumi,-1006,EUW1_6883198069,0
Jinx,Lulu,Kaisa,Leona,67,EUW1_6882756178,0
Zeri,Zilean,Twitch,Nami,-984,EUW1_6882717931,1
Lucian,Nami,Ezreal,Lux,3348,EUW1_6882677791,1
Jinx,Braum,Caitlyn,Seraphine,-3085,EUW1_6882634049,1
Caitlyn,Seraphine,Kaisa,Janna,622,EUW1_6882540177,0
Senna,Seraphine,Twitch,Lulu,-66,EUW1_6882526463,0
Tristana,Maokai,Senna,Seraphine,-1876,EUW1_6882492881,0
Lucian,Sylas,Jhin,Seraphine,16,EUW1_6882025693,1
Zeri,Zac,Tristana,Janna,-1289,EUW1_6881960064,1
Xayah,Seraphine,Vayne,Zac,2944,EUW1_6881901077,0
Twitch,Pyke,Vayne,Janna,684,EUW1_6881839618,0
Vayne,Rell,Kaisa,Seraphine,59,EUW1_6881777707,0
Kaisa,Nautilus,Ashe,Braum,-772,EUW1_6881730527,0
Lucian,Renata,Ezreal,Seraphine,-2307,EUW1_6880993506,0
Twitch,Janna,Caitlyn,Seraphine,173,EUW1_6880958782,1
Draven,Nautilus,Lucian,Braum,-262,EUW1_6879475523,1
Varus,Seraphine,Zeri,Yuumi,1363,EUW1_6878254499,1
Jinx,Thresh,Ashe,Seraphine,-1557,EUW1_6878171096,1
Twitch,Seraphine,Jinx,Thresh,933,EUW1_6878125767,1
Zeri,Lulu,Jinx,Alistar,-514,EUW1_6881994779,0
Anivia,Braum,Kalista,Camille,-1852,EUW1_6881371848,1
KogMaw,Alistar,Kaisa,Soraka,1810,EUW1_6880444494,1
Jinx,Alistar,Ashe,Velkoz,-1374,EUW1_6880282874,1
Kaisa,Nautilus,Ezreal,Janna,-759,EUW1_6879533407,1
Lucian,Janna,Yasuo,Alistar,1086,EUW1_6879001300,1
Lucian,Braum,Ashe,Blitzcrank,-1564,EUW1_6876082470,1
Jinx,Pantheon,Draven,Rell,-704,EUW1_6875445856,1
Lucian,Janna,Zeri,Karma,219,EUW1_6869983166,1
Lucian,Thresh,Zeri,Blitzcrank,-1686,EUW1_6869809156,1
Sivir,Nami,Xayah,Alistar,621,EUW1_6869738352,1
Smolder,Alistar,Caitlyn,Nami,368,EUW1_6869300473,0
Lux,Thresh,Jinx,Pyke,-695,EUW1_6869279747,0
Smolder,Bard,Aphelios,Rell,-455,EUW1_6869259161,0
Twitch,Nautilus,Samira,Maokai,1936,EUW1_6869237206,0
Yasuo,Lulu,Nilah,Janna,323,EUW1_6869223561,1
Ezreal,Bard,Jinx,Senna,-272,EUW1_6882410079,0
KogMaw,Janna,Zeri,Bard,-574,EUW1_6882318635,1
Ashe,Karma,MissFortune,Janna,682,EUW1_6882295397,1
Twitch,Lux,Jinx,Rakan,989,EUW1_6881631095,1
Kaisa,Camille,Varus,Zyra,-498,EUW1_6881274788,0
Xayah,Renata,Vayne,Rell,898,EUW1_6881195863,0
Jhin,Janna,Tristana,Alistar,211,EUW1_6881131476,0
Jinx,Yuumi,Hwei,Janna,33,EUW1_6881095771,1
Jinx,Ivern,Tristana,Lulu,-1207,EUW1_6881040572,0
Zeri,Leona,Jinx,Karma,2081,EUW1_6881011737,1
Jinx,Nautilus,Varus,Karma,3161,EUW1_6880037476,1
Draven,Leona,Samira,Rell,822,EUW1_6879971872,1
Jhin,Janna,KogMaw,Milio,-696,EUW1_6879929086,1
Yasuo,Rell,Kaisa,Nautilus,615,EUW1_6879890780,0
Samira,Janna,Kaisa,Milio,2765,EUW1_6879803247,1
KogMaw,Lulu,Jinx,Senna,499,EUW1_6879754336,1
Twitch,Nautilus,Ezreal,Poppy,-138,EUW1_6879734697,1
Jinx,Karma,Lucian,Braum,2392,EUW1_6879674746,0
Ezreal,Braum,Zeri,Pyke,780,EUW1_6879617320,0
Vayne,Pyke,Twitch,Velkoz,1242,EUW1_6879540714,1
Kaisa,Karma,Twitch,Lulu,463,EUW1_6879492891,1
Lucian,Sett,Aphelios,Thresh,612,EUW1_6877162688,1
Samira,Janna,Ezreal,Nocturne,-700,EUW1_6877106905,0
Jinx,Milio,Ashe,Alistar,662,EUW1_6877048048,1
Zeri,Rakan,Vayne,Senna,1510,EUW1_6876901727,1
Xayah,Rakan,Vayne,Brand,-153,EUW1_6876855770,0
Samira,Leona,Lucian,Pyke,-505,EUW1_6881038475,1
Draven,Thresh,Samira,Leona,1162,EUW1_6880995062,0
Ashe,Soraka,Sivir,Senna,-1629,EUW1_6875371911,0
Samira,Thresh,Varus,Leona,-1025,EUW1_6875266194,0
Twitch,Sona,Kaisa,Pyke,-718,EUW1_6875203058,1
Anivia,Briar,Jinx,Senna,-1818,EUW1_6883576933,0
Caitlyn,Thresh,Zeri,Braum,647,EUW1_6883547471,0
Lucian,Nami,Zeri,Milio,514,EUW1_6883501748,1
Jinx,Sett,Draven,Blitzcrank,-871,EUW1_6883441396,1
Kaisa,Nami,Smolder,Renata,756,EUW1_6883407250,0
Zeri,Rakan,Twitch,Brand,-1001,EUW1_6883344731,1
Vayne,Rakan,Zeri,Velkoz,-1401,EUW1_6883290660,1
Kaisa,TahmKench,AurelionSol,Leona,284,EUW1_6883210685,1
Twitch,Leona,Zeri,Thresh,18,EUW1_6883140312,1
Jinx,Rakan,Smolder,Blitzcrank,-293,EUW1_6882861550,0
Zeri,Zilean,Sivir,Velkoz,-707,EUW1_6882812194,0
MissFortune,Pyke,Lucian,Nami,-1017,EUW1_6882768405,0
Aphelios,Nami,Ashe,Braum,-1342,EUW1_6882723749,0
Jinx,Neeko,Jhin,Lux,-351,EUW1_6882677048,1
Kaisa,Blitzcrank,Ashe,Lulu,-1021,EUW1_6882636836,1
Yasuo,Shaco,Kaisa,Blitzcrank,673,EUW1_6882601874,1
KogMaw,Bard,Jinx,Morgana,1044,EUW1_6882564146,1
Twitch,Janna,Caitlyn,Bard,27,EUW1_6882542021,1
Zeri,Janna,Xayah,Rakan,710,EUW1_6882200449,1
Kaisa,FiddleSticks,Jinx,Milio,-757,EUW1_6882174124,0
Vayne,Braum,Tristana,Pyke,-346,EUW1_6883751921,0
Jinx,Rakan,Kaisa,Braum,1274,EUW1_6883746518,1
Twitch,Braum,Jinx,Shaco,712,EUW1_6883263051,0
Kaisa,Janna,Twitch,Zilean,72,EUW1_6883209100,1
Kaisa,Leona,Xayah,Teemo,2503,EUW1_6883147927,1
TwistedFate,Pyke,Aphelios,Braum,1896,EUW1_6883086589,0
Jinx,Karma,Ashe,Janna,-561,EUW1_6882550120,0
Aphelios,Leona,KogMaw,Blitzcrank,2437,EUW1_6882525028,1
Aphelios,Thresh,Kaisa,Karma,-1496,EUW1_6882493814,0
Ezreal,Senna,Twitch,Rakan,985,EUW1_6882461992,0
Varus,Janna,Caitlyn,Karma,-1209,EUW1_6882388966,0
Varus,Sylas,Ashe,Sona,3078,EUW1_6882374812,0
Jinx,Zyra,Kaisa,Janna,-672,EUW1_6881849129,1
Vayne,Zyra,Ornn,Senna,1209,EUW1_6881789138,1
Twitch,Sona,MissFortune,Janna,-587,EUW1_6881710773,0
Brand,Nami,Twitch,Thresh,552,EUW1_6881660573,0
Ashe,Soraka,Twitch,Milio,-350,EUW1_6881609058,0
Twitch,Velkoz,Ezreal,TahmKench,1289,EUW1_6881559986,1
Vayne,Taric,Ashe,TahmKench,1968,EUW1_6881518434,1
Zeri,Karma,Tristana,Blitzcrank,-2453,EUW1_6883465166,0
Varus,Braum,Zeri,Maokai,-1735,EUW1_6882019476,1
Kaisa,Morgana,Varus,Ashe,-640,EUW1_6881959556,1
Twitch,Janna,Jinx,Soraka,-687,EUW1_6881858340,1
Draven,Nautilus,Zeri,Zilean,847,EUW1_6881330157,1
Caitlyn,Lux,Sivir,Braum,2478,EUW1_6880372046,1
Kaisa,Blitzcrank,Aphelios,Janna,343,EUW1_6880155348,1
Kaisa,Lulu,Samira,Leona,-325,EUW1_6880068906,0
Zeri,Yuumi,Twitch,Thresh,-2291,EUW1_6879977182,0
Varus,Nami,Jinx,Lulu,1204,EUW1_6879948666,1
Twitch,Janna,Jinx,Lulu,127,EUW1_6879549540,1
Zeri,Nautilus,Jinx,Zyra,-838,EUW1_6878287893,0
Jinx,Thresh,Zeri,Rell,496,EUW1_6878241368,0
Jhin,Pyke,Sivir,Yuumi,439,EUW1_6878180785,0
Twitch,Braum,Samira,Pantheon,-415,EUW1_6878142242,0
Twitch,Janna,Ezreal,Senna,-2424,EUW1_6877102670,0
Taliyah,Maokai,Jinx,TahmKench,-1726,EUW1_6876917570,0
Karthus,Camille,Zeri,Milio,-1030,EUW1_6876542774,1
Kaisa,Lux,Zeri,Rakan,2984,EUW1_6882558791,1
Kaisa,Rakan,Zeri,Yuumi,1749,EUW1_6881072837,1
Xayah,Rakan,Lucian,Thresh,697,EUW1_6880946142,1
Jinx,Rakan,Twitch,Lulu,-153,EUW1_6880153143,1
Kaisa,Janna,Sivir,Nami,247,EUW1_6879616150,0
Jinx,Lulu,Twitch,Milio,2114,EUW1_6879577140,1
Jinx,Braum,Lucian,Poppy,-1492,EUW1_6879513038,1
Lucian,Nami,Jinx,Zilean,1348,EUW1_6879483734,1
Jhin,Janna,Ashe,Velkoz,-1774,EUW1_6878069885,0
Zeri,Lulu,Twitch,Milio,-1827,EUW1_6877996594,0
Draven,Soraka,Zeri,Thresh,-168,EUW1_6877979756,0
Kaisa,Pantheon,Jinx,Milio,-250,EUW1_6877014761,0
Jinx,Renata,Lux,Pyke,-813,EUW1_6876808838,0
MissFortune,Bard,Vayne,Rakan,147,EUW1_6872673229,0
Aphelios,Thresh,Ashe,Bard,-2838,EUW1_6872640783,0
Ezreal,Camille,Xayah,Bard,1686,EUW1_6872599163,1
Smolder,Bard,Jinx,Milio,144,EUW1_6872566268,1
Tristana,Nautilus,Seraphine,Bard,627,EUW1_6872516878,1
Varus,Bard,Jinx,Rell,-183,EUW1_6867508663,1
Samira,Pyke,Jinx,Bard,2171,EUW1_6867450187,1
Smolder,Janna,Sivir,Seraphine,-356,EUW1_6867374096,0
Smolder,Bard,Jhin,Thresh,-1599,EUW1_6867305622,1
Yasuo,Bard,Lucian,Milio,-2446,EUW1_6866912298,0
Twitch,Bard,Draven,Zilean,-4091,EUW1_6866891586,0
Caitlyn,Bard,Twitch,Renata,759,EUW1_6866832752,0
Jinx,Bard,Zeri,Janna,-1022,EUW1_6866794537,0
Twitch,Taric,Zeri,Bard,2332,EUW1_6866526345,1
Xayah,Thresh,Ashe,Bard,-40,EUW1_6866497809,1
Twitch,Bard,Caitlyn,Nautilus,733,EUW1_6864903198,1
Sivir,Bard,Zeri,Nami,412,EUW1_6864858677,0
Caitlyn,Bard,Twitch,Soraka,1006,EUW1_6864818604,1
KogMaw,Lulu,Jinx,Bard,-195,EUW1_6864022792,1
Jinx,Janna,Aphelios,Pyke,-2769,EUW1_6883597036,0
Pantheon,Taliyah,Jinx,Alistar,2705,EUW1_6883572091,1
Ashe,Janna,Caitlyn,Karma,419,EUW1_6883537633,0
Ezreal,Rakan,Jinx,Soraka,2264,EUW1_6882847840,1
Ashe,Soraka,Zeri,Yuumi,2005,EUW1_6882786358,1
Twitch,Tristana,Ashe,Rakan,3348,EUW1_6882748034,1
Kaisa,Alistar,KogMaw,Braum,-1668,EUW1_6882705066,0
Jinx,Lulu,Jhin,Senna,-1818,EUW1_6882225553,1
Draven,Janna,Ezreal,Rumble,495,EUW1_6882166201,1
Ezreal,Velkoz,Jinx,Janna,-460,EUW1_6872901483,1
Tristana,Janna,Zeri,Thresh,-459,EUW1_6872833104,1
Draven,Thresh,Zeri,Braum,1620,EUW1_6872603192,0
Kaisa,Maokai,Twitch,Lulu,418,EUW1_6872533821,0
Kaisa,Seraphine,Ashe,Nami,1699,EUW1_6872476064,0
Jinx,Rakan,Smolder,Taric,1720,EUW1_6822021733,0
Nilah,Alistar,Lucian,Braum,1077,EUW1_6821930297,1
Aphelios,Nami,Rammus,Yuumi,-155,EUW1_6821853361,1
Twitch,Pyke,Senna,Rakan,-89,EUW1_6820931928,1
Lucian,Nami,Smolder,Leona,-1135,EUW1_6798072792,1
KogMaw,Rell,Kalista,Alistar,977,EUW1_6873948889,0
Zeri,Senna,Ezreal,Alistar,-586,EUW1_6873910988,0
Kaisa,Rakan,Tristana,Lulu,-2968,EUW1_6873886582,0
Ezreal,Blitzcrank,Kaisa,Thresh,-831,EUW1_6873835505,0
Zeri,Braum,Heimerdinger,Nautilus,-3320,EUW1_6873818956,0
Vayne,Hwei,Ezreal,Sona,-156,EUW1_6873785407,1
Jinx,Janna,Aphelios,Neeko,516,EUW1_6873769433,0
Draven,Lux,Lucian,Nami,1067,EUW1_6873767748,0
Jinx,Janna,Twitch,Galio,1119,EUW1_6873748414,1
Zeri,Brand,Ashe,Shaco,-3103,EUW1_6872390258,0
Kaisa,Alistar,Twitch,Janna,-854,EUW1_6872381590,0
Twitch,Nami,Jinx,Milio,390,EUW1_6872338255,1
Ashe,Sona,Varus,Sylas,5,EUW1_6872333007,0
Kalista,Alistar,Twitch,Milio,2111,EUW1_6872330593,1
Kalista,Thresh,Kaisa,Pyke,551,EUW1_6872321758,1
Vayne,Pyke,Lucian,Sylas,-1291,EUW1_6872307686,0
Aphelios,Blitzcrank,Ashe,Velkoz,-2021,EUW1_6869389996,1
Twitch,Braum,Zeri,Thresh,-2286,EUW1_6883150313,1
Varus,Janna,Smolder,Nautilus,-898,EUW1_6872927058,1
Jinx,Milio,Kaisa,Camille,42,EUW1_6872885555,1
Ashe,Karma,Jinx,Lulu,-397,EUW1_6872831120,1
Twitch,Zilean,Smolder,Senna,409,EUW1_6872772029,0
Twitch,Braum,Kaisa,Taric,2420,EUW1_6872698763,1
Twitch,Renata,Draven,Janna,1262,EUW1_6871667210,1
Twitch,Lulu,Aphelios,Thresh,-352,EUW1_6871399540,0
Zeri,Leona,Twitch,Nami,-1281,EUW1_6870490033,0
Smolder,Senna,Twitch,Zac,-1047,EUW1_6870397130,0
Smolder,Janna,Twitch,Sona,742,EUW1_6870295141,1
Twitch,Thresh,KogMaw,Camille,-862,EUW1_6869954350,1
Jhin,Leona,Zeri,Lux,-1739,EUW1_6869898648,0
Twitch,Milio,Varus,Nami,1018,EUW1_6869834307,1
Vayne,Bard,Twitch,Janna,68,EUW1_6869756473,0
Tristana,Zac,Twitch,Alistar,-668,EUW1_6869040703,1
Ezreal,Karma,Twitch,Zilean,-740,EUW1_6868977050,0
Twitch,Renata,Seraphine,Pyke,373,EUW1_6868918327,1
Twitch,Lulu,KogMaw,Soraka,147,EUW1_6868838379,0
Senna,Sona,Kaisa,Nautilus,-953,EUW1_6873826520,0
Xayah,Janna,Zeri,Sona,-322,EUW1_6873804839,1
Zeri,Sona,Vayne,Leona,-1474,EUW1_6873777886,0
Samira,Sona,Smolder,Milio,670,EUW1_6872714870,1
Jhin,Braum,Vayne,Sona,794,EUW1_6872627504,1
Zeri,Rakan,Vayne,Sona,-179,EUW1_6871288572,1
Jinx,Milio,Varus,Sona,-455,EUW1_6869358848,0
Smolder,Janna,Zeri,Sona,-1254,EUW1_6867890795,0
Caitlyn,Karma,Jinx,Sona,1731,EUW1_6867790035,0
Senna,Rakan,Kaisa,Camille,366,EUW1_6867761064,1
Sivir,Sona,Caitlyn,Zyra,468,EUW1_6867722867,1
Draven,Pyke,Sivir,Sona,3904,EUW1_6867708484,1
KogMaw,Karma,Jinx,Sona,2315,EUW1_6866619440,1
Nasus,Senna,Aphelios,Sona,-1922,EUW1_6866563544,0
Kalista,Sona,Kaisa,Maokai,-374,EUW1_6866508170,0
Draven,Pyke,Varus,Lulu,-2352,EUW1_6883357126,0
Vayne,Pyke,Seraphine,Rakan,1847,EUW1_6883099183,1
Kaisa,Bard,Jinx,Milio,-784,EUW1_6883024319,1
Jinx,Lulu,Kaisa,Sona,288,EUW1_6882984474,1
Karthus,Maokai,Twitch,Lulu,2478,EUW1_6882306972,0
Veigar,Pyke,Kaisa,Karma,-1882,EUW1_6882292888,1
Jinx,Janna,Jhin,Pyke,-3196,EUW1_6882279576,0
Draven,Thresh,Yasuo,Taric,2576,EUW1_6882232159,0
Jinx,Bard,Ezreal,Shaco,1320,EUW1_6882201130,1
Draven,Zac,Twitch,Lulu,833,EUW1_6882163742,1
Twitch,Sona,Jinx,Milio,-64,EUW1_6882108735,1
Kalista,Blitzcrank,Caitlyn,Senna,743,EUW1_6882065788,0
Twitch,Camille,Kaisa,Rakan,2471,EUW1_6879125692,1
Jinx,Karma,Ashe,Braum,-1267,EUW1_6879083596,0
Jinx,Blitzcrank,Ashe,Karma,463,EUW1_6879029040,0
MissFortune,Nautilus,KogMaw,Leona,-1914,EUW1_6873723454,0
Ezreal,Janna,Kaisa,Senna,180,EUW1_6873719452,1
Ashe,Milio,Varus,Nautilus,-641,EUW1_6873716068,1
Zeri,Yuumi,Kaisa,Braum,-1874,EUW1_6879984093,0
Kaisa,Alistar,Caitlyn,Janna,104,EUW1_6879940052,1
Twitch,Shaco,Ezreal,Leona,-713,EUW1_6883028968,1
Vayne,Janna,Kaisa,Blitzcrank,546,EUW1_6882850844,0
Jhin,Nautilus,Kaisa,Alistar,1547,EUW1_6882809099,1
Vayne,Lulu,Lucian,Janna,-981,EUW1_6881578576,0
Jinx,Pyke,Kaisa,Taric,-1010,EUW1_6881479352,1
Smolder,Thresh,TahmKench,Senna,-70,EUW1_6881366565,1
Kaisa,Leona,Jinx,Lulu,-1551,EUW1_6881267621,0
Jinx,Lux,Tristana,Leona,802,EUW1_6881182449,1
Nilah,Veigar,KogMaw,Galio,-2970,EUW1_6871947448,0
Tristana,Bard,Varus,Velkoz,-1630,EUW1_6871856381,0
Aphelios,Zilean,KogMaw,Janna,450,EUW1_6871655139,0
Jinx,Bard,Zeri,Janna,-852,EUW1_6871519020,0
Kalista,Janna,Zeri,Nami,1660,EUW1_6871486602,0
Jinx,Braum,Ezreal,Maokai,-3099,EUW1_6871444058,0
Kaisa,Maokai,Senna,TahmKench,813,EUW1_6871400710,0
Caitlyn,Blitzcrank,Xayah,Nautilus,-668,EUW1_6870260447,1
Draven,Janna,Jinx,Thresh,1036,EUW1_6870073929,1
Ashe,Milio,Aphelios,Thresh,-1755,EUW1_6869986642,0
Xayah,Zilean,Ezreal,Thresh,-866,EUW1_6869628145,1
Jinx,Pyke,Twitch,Camille,1084,EUW1_6880966515,1
Sivir,Thresh,Zeri,Taric,2946,EUW1_6880946672,1
Twitch,Lulu,Samira,Rell,260,EUW1_6880915171,1
Jhin,Blitzcrank,Kaisa,Janna,1387,EUW1_6879692793,1
Draven,Zilean,Ashe,Rumble,86,EUW1_6879627452,0
Jinx,Velkoz,KogMaw,Braum,365,EUW1_6879598347,1
Jinx,Blitzcrank,Kaisa,Rell,510,EUW1_6879564885,0
Zeri,Milio,KogMaw,Janna,-409,EUW1_6879527058,0
Veigar,Milio,Kaisa,Blitzcrank,170,EUW1_6877329023,1
Draven,Zilean,Zeri,Zyra,-1621,EUW1_6877276231,0
MissFortune,Maokai,Smolder,Seraphine,-299,EUW1_6877225901,1
Caitlyn,Braum,Samira,Poppy,492,EUW1_6877185704,1
Jhin,Senna,Varus,Taric,1903,EUW1_6877129862,0
Jinx,Braum,Vayne,Seraphine,-2236,EUW1_6877073143,0
Jinx,Janna,Kaisa,Lulu,138,EUW1_6875222176,0
Xayah,Nautilus,Kaisa,Janna,1759,EUW1_6875201924,0
Jinx,Karma,Kaisa,Taric,1083,EUW1_6875178913,1
Kaisa,Leona,Tristana,Taric,-879,EUW1_6875161718,0
Kaisa,Braum,KogMaw,Lulu,-487,EUW1_6873864806,0
Lissandra,Rakan,Zeri,Taric,760,EUW1_6873838980,0
Sivir,Blitzcrank,Draven,Nami,-265,EUW1_6883508777,1
Twitch,Lulu,Tristana,Velkoz,-3161,EUW1_6883468769,0
Ashe,Renata,Jinx,Karma,-117,EUW1_6883348905,0
Jinx,Braum,Vayne,Taric,358,EUW1_6883284407,1
Smolder,Karma,Jinx,Janna,385,EUW1_6883196002,0
Vayne,Milio,KogMaw,Taric,-1168,EUW1_6883138276,0
Jinx,Nami,Lucian,Rell,-933,EUW1_6877566981,0
Twitch,Blitzcrank,Yasuo,Janna,312,EUW1_6877344721,1
Ashe,Ezreal,Sivir,Janna,-198,EUW1_6877092097,0
Xayah,Thresh,Zeri,Bard,727,EUW1_6876771528,1
Ashe,Milio,Zeri,Yuumi,1790,EUW1_6876726289,1
KogMaw,Lulu,Draven,Janna,-857,EUW1_6876685760,0
Ezreal,Lux,Draven,Pyke,-519,EUW1_6881465791,1
TwistedFate,Blitzcrank,Twitch,Lulu,43,EUW1_6881401880,0
Jinx,Braum,Ezreal,Bard,-2232,EUW1_6881350116,0
Yasuo,Yuumi,Varus,Alistar,2135,EUW1_6878811272,0
Zeri,Renata,Lucian,Milio,-140,EUW1_6878747392,1
Zeri,Rell,Jinx,Senna,996,EUW1_6878549880,1
Draven,Taliyah,Kaisa,Rakan,1132,EUW1_6874287962,0
Jinx,Karma,Ezreal,Zyra,-1365,EUW1_6874247939,1
Kalista,Rell,Kaisa,Janna,1863,EUW1_6874183280,0
Jhin,Taric,Karthus,Senna,312,EUW1_6873929490,1
Kaisa,Taric,Jinx,Lulu,-195,EUW1_6873367457,0
Jhin,Rakan,Kaisa,Renata,1549,EUW1_6873307859,1
Kaisa,Maokai,Lucian,Renata,-795,EUW1_6873064068,1
Kaisa,Pyke,Twitch,Nami,1047,EUW1_6872696719,1
Caitlyn,Thresh,Vayne,Karma,1799,EUW1_6870534576,0
Jhin,Blitzcrank,Twitch,Lulu,-343,EUW1_6870290628,0
Ashe,Janna,Ezreal,Braum,2141,EUW1_6870205425,1
Jinx,Rakan,Draven,Lulu,465,EUW1_6870159514,1
Vayne,Rakan,Kaisa,Rell,1432,EUW1_6870001708,0
Ashe,Zyra,Ezreal,Senna,-93,EUW1_6869925280,0
Draven,Blitzcrank,Caitlyn,Pyke,2575,EUW1_6869844623,0
Caitlyn,Alistar,Zeri,Soraka,-1759,EUW1_6868012055,0
Zeri,Braum,Ashe,Rell,-656,EUW1_6881946509,0
Samira,Swain,Jinx,Seraphine,603,EUW1_6881841959,0
Vayne,Pyke,Jinx,Ashe,2521,EUW1_6880627958,1
Ezreal,Blitzcrank,Ashe,Thresh,-966,EUW1_6880577015,1
Caitlyn,Soraka,Jinx,Thresh,482,EUW1_6880513456,1
Aphelios,Janna,Ezreal,Ashe,-435,EUW1_6880395592,0
Jinx,Pyke,Hwei,Nami,-842,EUW1_6880310802,1
Lucian,Braum,Twitch,Senna,-1988,EUW1_6880223342,0
Ezreal,Soraka,KogMaw,Janna,317,EUW1_6880164971,0
Nilah,Soraka,Draven,Sona,3612,EUW1_6880125261,1
Sivir,Yuumi,Zeri,Braum,-1680,EUW1_6880079702,0
Jinx,Blitzcrank,MissFortune,Karma,-750,EUW1_6880005729,1
Smolder,Braum,Kaisa,Zilean,926,EUW1_6879939726,0
Twitch,Pyke,Sivir,Thresh,3277,EUW1_6879896139,1
Jinx,Thresh,Varus,Nautilus,842,EUW1_6879807312,1
Samira,Nautilus,Ashe,Senna,224,EUW1_6879269979,1
Ashe,Thresh,Kaisa,Leona,31,EUW1_6879170910,1
Jinx,Ashe,Twitch,Pyke,-173,EUW1_6879070170,1
Ashe,Camille,Kalista,Braum,-1827,EUW1_6878848613,0
Draven,Ashe,Nilah,Soraka,1481,EUW1_6878780173,0
Jinx,Renata,Twitch,Braum,-2243,EUW1_6881452127,0
Kaisa,Thresh,Jhin,Swain,1330,EUW1_6881397964,1
Jinx,Zyra,Zeri,Lulu,-951,EUW1_6881342497,0
Ashe,Senna,Zeri,Lulu,1904,EUW1_6880678141,1
Jinx,Janna,Aphelios,Lulu,-154,EUW1_6880646993,0
Jinx,Velkoz,Varus,Ashe,-1775,EUW1_6880389142,0
Xayah,Rakan,Draven,Rell,-842,EUW1_6880324831,1
Jinx,Lulu,Aphelios,Shaco,561,EUW1_6878988361,0
Caitlyn,Zyra,Zeri,Zilean,-1047,EUW1_6878920141,0
Twitch,Brand,Jinx,Lulu,2148,EUW1_6878411359,1
Vayne,Janna,Xayah,Nami,-1187,EUW1_6878278088,1
Caitlyn,Brand,Lucian,Alistar,2183,EUW1_6878231398,1
Jinx,Xerath,Twitch,Lulu,-3280,EUW1_6878195686,0
Jhin,Elise,Ezreal,Veigar,1162,EUW1_6878044862,1
Caitlyn,Poppy,Varus,Rakan,60,EUW1_6874412931,1
Kaisa,Pyke,Caitlyn,Morgana,5146,EUW1_6874196715,1
Twitch,Milio,Jinx,Lulu,-174,EUW1_6873287460,1
Jinx,Thresh,Twitch,Janna,-1482,EUW1_6872752554,1
Draven,Rakan,Yasuo,Senna,1120,EUW1_6883621411,0
Ashe,Janna,Twitch,Milio,-419,EUW1_6883606514,1
Jinx,Janna,Aphelios,Renata,-94,EUW1_6883395835,1
Draven,Thresh,Vayne,Leona,5100,EUW1_6883107053,1
Jinx,Blitzcrank,Sivir,Janna,488,EUW1_6883035774,1
Kaisa,Senna,Ziggs,Janna,455,EUW1_6881914012,1
Kaisa,Renata,Seraphine,Neeko,-1009,EUW1_6881747193,0
Ashe,Milio,Tristana,Braum,-565,EUW1_6881625551,1
Jinx,Pyke,Ashe,Milio,-241,EUW1_6881470859,1
Twitch,Brand,Lucian,Rell,-2523,EUW1_6881404583,0
Jinx,Alistar,Vayne,Nami,-1853,EUW1_6880649713,1
Draven,Milio,Jinx,Braum,-1448,EUW1_6880376888,0
Draven,Blitzcrank,Jinx,Pyke,1172,EUW1_6880131837,1
Twitch,Lulu,Jinx,Janna,343,EUW1_6879797600,1
Jinx,Braum,Aphelios,Rell,3084,EUW1_6877004182,1
Twitch,Janna,Samira,Nautilus,-1614,EUW1_6882575411,0
Lucian,Senna,Aphelios,Milio,-978,EUW1_6882549887,0
KogMaw,Thresh,Smolder,TahmKench,3944,EUW1_6882531610,1
Ezreal,Neeko,Lucian,Nautilus,-412,EUW1_6880850786,0
Ezreal,Nami,Vayne,Blitzcrank,-646,EUW1_6880837668,0
Varus,Thresh,Jinx,Soraka,1861,EUW1_6880827658,0
Varus,Sona,Senna,Seraphine,-3,EUW1_6880811107,1
Sivir,Lulu,KogMaw,Milio,-319,EUW1_6880806537,1
Jinx,Milio,Zeri,Velkoz,-1277,EUW1_6880796498,0
Caitlyn,Bard,Zeri,Renata,-830,EUW1_6880680967,1
Senna,Ashe,Jinx,Velkoz,-2385,EUW1_6883346718,0
KogMaw,Karma,Vayne,Thresh,869,EUW1_6881990050,0
Ashe,Shaco,Twitch,Brand,374,EUW1_6881919466,1
Zeri,Rell,KogMaw,Brand,-443,EUW1_6881830040,0
Jinx,Janna,Ezreal,Hwei,-117,EUW1_6880530107,0
Ashe,Milio,Twitch,Morgana,-1976,EUW1_6880449257,0
Sivir,Janna,Zeri,Yuumi,-2984,EUW1_6880411929,0
Zeri,Lulu,Aphelios,Janna,932,EUW1_6880336718,0
Jinx,Soraka,Ezreal,Shaco,232,EUW1_6880288480,1
Draven,Nautilus,Ezreal,Senna,-956,EUW1_6879024885,1
Jinx,Janna,Draven,Nami,-953,EUW1_6878959302,1
Jinx,Lulu,Jhin,Yuumi,-109,EUW1_6878887167,1
Ezreal,Zyra,Vayne,Bard,1413,EUW1_6878835282,1
Jinx,Zilean,Kaisa,Shaco,-1522,EUW1_6878781333,0
Jinx,Thresh,Aphelios,Shaco,483,EUW1_6878706857,0
Jinx,Bard,Twitch,Zilean,914,EUW1_6878658570,1
Vayne,Lulu,KogMaw,Bard,2154,EUW1_6878602273,1
Jinx,Milio,Zeri,Lulu,864,EUW1_6878546843,1
Caitlyn,Rakan,Twitch,Lulu,748,EUW1_6877654169,0
Zeri,Janna,Jinx,Soraka,27,EUW1_6876934102,0
Jhin,Zilean,Jinx,Lulu,-1177,EUW1_6875147071,0
Ezreal,Camille,Smolder,Lux,3936,EUW1_6874182999,1
Twitch,Janna,Zeri,Bard,-1748,EUW1_6874150513,1
Zeri,Rakan,Kaisa,Soraka,386,EUW1_6872644898,0
Ezreal,Janna,Veigar,Senna,114,EUW1_6872581232,0
Jinx,Janna,Jhin,Thresh,732,EUW1_6872558517,1
Jinx,Milio,Varus,Velkoz,-3329,EUW1_6872528589,0
Aphelios,Janna,Jinx,Lulu,493,EUW1_6872399136,0
Jinx,Milio,Ashe,Soraka,6,EUW1_6871726490,1
Kalista,Bard,Kaisa,Camille,-240,EUW1_6871179390,1
Draven,Rakan,Jinx,Senna,-1553,EUW1_6871131368,0
Kalista,Rell,Zeri,Pyke,-1612,EUW1_6871090614,1
Jinx,Lulu,Kalista,Singed,1202,EUW1_6869617098,1
Ashe,Braum,Zeri,Nidalee,-139,EUW1_6869569144,0
Jinx,Lulu,Brand,Nami,627,EUW1_6869529979,0
Zeri,Lulu,Lucian,Alistar,-1129,EUW1_6876106085,0
Kalista,Braum,Zeri,Yuumi,1695,EUW1_6876033212,0
Lucian,Milio,Jinx,Nami,1175,EUW1_6875801459,1
Jinx,Lulu,Zeri,Janna,2549,EUW1_6875745078,1
Jinx,Lulu,Samira,Nautilus,641,EUW1_6872135757,1
KogMaw,Lulu,Twitch,Zilean,1990,EUW1_6872078918,1
Ashe,Soraka,MissFortune,Leona,1406,EUW1_6872022796,1
Jinx,Maokai,Ezreal,Camille,-1754,EUW1_6871969734,1
Ezreal,Janna,Kaisa,Camille,-1023,EUW1_6870869552,0
Zeri,Xerath,Ezreal,Senna,-524,EUW1_6870837632,1
Ezreal,Janna,Jinx,Thresh,-1708,EUW1_6870809288,0
Jinx,Pyke,Ezreal,Karma,-246,EUW1_6870787040,1
Varus,Bard,Ashe,Soraka,-3379,EUW1_6869002123,1
Zeri,Milio,Ashe,Braum,-594,EUW1_6868946660,1
Jinx,Lulu,Aphelios,Rakan,239,EUW1_6868893265,1
Aphelios,Zac,Caitlyn,Bard,-43,EUW1_6868828370,0
Kalista,Pyke,Lucian,Zac,-150,EUW1_6868779860,0
Jhin,Ashe,Twitch,Janna,945,EUW1_6868710795,1
Vayne,Janna,Kaisa,Thresh,506,EUW1_6868629636,1
Twitch,FiddleSticks,Ezreal,Zilean,-368,EUW1_6868454654,0
Zeri,Sylas,Nilah,Pyke,818,EUW1_6868391619,0
Caitlyn,Braum,Jinx,Taric,-229,EUW1_6867168704,0
Ashe,Soraka,Jinx,Thresh,35,EUW1_6867108344,1
Ezreal,Camille,Hwei,Renata,1196,EUW1_6867050246,1
Smolder,Ashe,Caitlyn,Seraphine,-391,EUW1_6866914732,0
Aphelios,Morgana,Ezreal,Karma,-99,EUW1_6866860647,0
Kalista,Lux,Lucian,Leona,-1192,EUW1_6866800518,0
Lucian,Thresh,Twitch,Alistar,2122,EUW1_6866723324,0
Veigar,Janna,KogMaw,Zyra,683,EUW1_6866673357,1
Ezreal,Leona,Twitch,Lulu,-1945,EUW1_6866627158,0
Ezreal,Janna,Tristana,Shaco,-1708,EUW1_6866585918,1
Twitch,Lulu,Jinx,Janna,-1036,EUW1_6880665872,0
Caitlyn,Janna,Ashe,Taric,2282,EUW1_6880636965,0
Kaisa,Gragas,Aphelios,Karma,-1883,EUW1_6880584486,1
Zeri,Janna,Pyke,Taric,-2275,EUW1_6880513481,0
Vayne,Lux,Lucian,Janna,1059,EUW1_6880427763,0
Yasuo,Taric,Varus,Xerath,3753,EUW1_6880321656,1
Vayne,Poppy,Kaisa,Janna,-147,EUW1_6880258082,1
Jinx,Lulu,Zeri,Karma,-791,EUW1_6880208074,0
Jinx,Lux,Vayne,Senna,1031,EUW1_6880141654,0
Zeri,Shaco,Jinx,Xerath,127,EUW1_6877762284,0
Kaisa,Leblanc,Zeri,Lulu,44,EUW1_6877731532,1
Twitch,Camille,Aphelios,Morgana,2702,EUW1_6876171377,1
Nilah,Janna,Sivir,Nautilus,-623,EUW1_6876101316,0
Jinx,Karma,Kaisa,Neeko,-623,EUW1_6875874078,1
Twitch,Xerath,Seraphine,Thresh,-1304,EUW1_6875816063,0
Kaisa,Braum,Jinx,Milio,319,EUW1_6875738342,0
Jhin,Pyke,Draven,Camille,434,EUW1_6874836390,0
Samira,Zac,Kaisa,Nami,1596,EUW1_6874773556,1
Vayne,Braum,Varus,Xerath,1003,EUW1_6874694709,1
Ashe,Janna,MissFortune,Pyke,-557,EUW1_6874602643,1
Twitch,Zyra,Jinx,Janna,771,EUW1_6874268431,0
Tristana,Lulu,Smolder,Ashe,167,EUW1_6874222519,0
Ezreal,Janna,Aphelios,Nautilus,-50,EUW1_6870203145,1
Jinx,Alistar,Ziggs,Thresh,1398,EUW1_6870037652,1
Ziggs,Nautilus,Aphelios,Lulu,1022,EUW1_6869914266,1
Ziggs,Senna,Jinx,Thresh,1212,EUW1_6869871683,1
Tristana,Camille,Kaisa,Maokai,-1377,EUW1_6869714334,1
Ashe,Zilean,Lucian,Nami,-145,EUW1_6869669164,0
TahmKench,Senna,Tristana,Lulu,1494,EUW1_6869509197,0
Ashe,Bard,Twitch,Lulu,341,EUW1_6869479586,1
Kaisa,Janna,Tristana,Rell,-331,EUW1_6869438013,0
Jinx,Janna,Tristana,Thresh,-641,EUW1_6868494360,0
Aphelios,Milio,Ashe,Janna,688,EUW1_6868446806,1
Vayne,Vi,TwistedFate,Senna,1419,EUW1_6868346765,0
Kaisa,Janna,Tristana,Thresh,1892,EUW1_6868247972,1
TahmKench,Senna,Ezreal,KogMaw,-1496,EUW1_6882741449,0
Jinx,Brand,Varus,Janna,-477,EUW1_6880931645,0
Vladimir,Poppy,Jinx,Senna,357,EUW1_6880903848,1
Jinx,Brand,Samira,Pyke,-1903,EUW1_6878194925,0
Smolder,Janna,Zeri,Brand,-407,EUW1_6878148834,0
Jinx,Senna,Ashe,Milio,688,EUW1_6877988557,0
Zeri,Senna,Jhin,Zyra,87,EUW1_6877292636,0
Aphelios,Brand,Caitlyn,Nami,-2509,EUW1_6876690037,0
Karthus,Senna,Draven,Janna,-1154,EUW1_6876661073,0
Ezreal,Senna,Lucian,Blitzcrank,95,EUW1_6876550295,0
Zeri,Senna,Jinx,Shaco,857,EUW1_6876530175,0
Draven,Brand,Yasuo,Janna,301,EUW1_6876502373,1
Draven,Senna,Kaisa,Volibear,4507,EUW1_6876500712,1
Jinx,Lulu,Chogath,Senna,-704,EUW1_6873851065,1
Zeri,Senna,Jinx,Nautilus,-341,EUW1_6873832314,1
Lucian,Camille,Twitch,Senna,616,EUW1_6872576017,0
Neeko,Senna,Ezreal,Blitzcrank,758,EUW1_6872544659,1
Zeri,Rakan,Varus,Brand,473,EUW1_6872506593,1
Kaisa,Zyra,Twitch,Camille,2350,EUW1_6871940763,0
Twitch,Janna,Lucian,Seraphine,193,EUW1_6871870586,0
Jinx,Milio,Ashe,MonkeyKing,519,EUW1_6871442287,1
Jinx,Senna,Seraphine,Janna,-514,EUW1_6870203218,0
Varus,Nami,Zeri,Seraphine,-43,EUW1_6870066859,0
Zeri,Camille,Smolder,Braum,-992,EUW1_6869988655,1
Kaisa,Braum,Lucian,Nami,-560,EUW1_6883391621,0
Jinx,Braum,Kayle,Milio,437,EUW1_6878435637,1
Seraphine,Pyke,Twitch,Nautilus,-912,EUW1_6878345719,0
Karthus,Lulu,Zeri,Soraka,462,EUW1_6878281546,1
Smolder,Nami,Jinx,Pyke,2152,EUW1_6878225627,0
Yone,Nami,Aphelios,Thresh,-491,EUW1_6878166806,0
KogMaw,Lulu,Jinx,Soraka,229,EUW1_6878093887,0
Vayne,Poppy,Kaisa,Leona,-141,EUW1_6877429640,0
Vayne,Janna,Jinx,Milio,1882,EUW1_6877363105,1
Kaisa,Rakan,Jinx,Thresh,-877,EUW1_6877305449,0
Jinx,Karma,Vayne,Janna,287,EUW1_6877223885,1
Kaisa,Braum,Aphelios,Rakan,-425,EUW1_6877163819,0
Yasuo,Poppy,Vayne,Hwei,-764,EUW1_6877041329,0
Kaisa,Pyke,Xayah,Sona,1893,EUW1_6876966308,0
Seraphine,Thresh,Varus,Camille,-1466,EUW1_6876820603,0
Ezreal,Amumu,Draven,Milio,-3845,EUW1_6876730531,0
Varus,Nautilus,Caitlyn,Blitzcrank,1223,EUW1_6876678656,1
Draven,Blitzcrank,Kaisa,Janna,3690,EUW1_6876637028,1
Ashe,Janna,Aphelios,Blitzcrank,1739,EUW1_6876602552,1
Vayne,Lulu,KogMaw,Janna,-49,EUW1_6876564874,1
Ashe,Thresh,Jinx,Renata,1861,EUW1_6883243858,1
Jinx,Velkoz,Katarina,Pyke,403,EUW1_6871698624,0
Kaisa,Soraka,Zeri,Milio,-165,EUW1_6871623045,1
Ashe,Neeko,Jinx,Nautilus,3135,EUW1_6870750452,1
Jinx,Soraka,Zeri,Braum,1456,EUW1_6870567979,1
Tristana,Taric,Zeri,Janna,2539,EUW1_6870354936,1
Ashe,Seraphine,Jinx,Janna,672,EUW1_6870239515,1
Jinx,Lulu,Zeri,Janna,-518,EUW1_6870054115,0
Twitch,Lulu,Kaisa,Pyke,-5128,EUW1_6869995001,0
Varus,Leona,Twitch,Milio,-2074,EUW1_6869943531,0
Jinx,Alistar,Aphelios,Zilean,-454,EUW1_6869795861,0
MissFortune,Nami,Draven,Nautilus,1081,EUW1_6869723970,1
Ezreal,Camille,Kaisa,Pyke,1714,EUW1_6869659129,1
Zeri,Janna,Aphelios,Senna,-2329,EUW1_6869587753,0
Ezreal,Neeko,Ashe,Brand,265,EUW1_6869543805,0
Hwei,Sona,Smolder,Zilean,-33,EUW1_6875558198,0
Aphelios,Nautilus,Yasuo,Nami,1074,EUW1_6874643112,1
Kaisa,Thresh,Jinx,Janna,-648,EUW1_6874423203,0
Ezreal,Nautilus,Jinx,Renata,-917,EUW1_6874165791,0
Kaisa,Janna,Smolder,Hwei,-372,EUW1_6871469676,1
Ezreal,Braum,Draven,Thresh,-551,EUW1_6871413078,0
Draven,Leona,Kaisa,Alistar,-11,EUW1_6871235185,1
Vayne,Thresh,Twitch,Lulu,-2137,EUW1_6871109919,0
Twitch,Milio,MissFortune,Janna,282,EUW1_6871081540,1
Kaisa,Rell,Sivir,Nautilus,-940,EUW1_6870596637,1
Caitlyn,Seraphine,Kaisa,Taric,-160,EUW1_6870473921,0
Kaisa,Nautilus,Jinx,Soraka,1689,EUW1_6870396125,0
Smolder,Lulu,Lucian,Milio,-1312,EUW1_6870236042,1
Lucian,Senna,Ashe,Lulu,-474,EUW1_6870022127,0
Caitlyn,Brand,Kaisa,Thresh,249,EUW1_6869952592,1
Draven,Milio,Jinx,Lulu,496,EUW1_6883624881,0
Draven,Thresh,Twitch,Lulu,-1731,EUW1_6883601953,0
Jhin,Blitzcrank,Kaisa,Janna,-2065,EUW1_6883576140,0
Jinx,Blitzcrank,Tristana,Leona,-1323,EUW1_6883558949,0
Ezreal,Senna,Jinx,Thresh,859,EUW1_6883523058,0
Xayah,Lulu,Jinx,Blitzcrank,1956,EUW1_6883459794,1
Rengar,Nami,MissFortune,Thresh,-484,EUW1_6880282092,0
Draven,Blitzcrank,Nilah,Alistar,-1592,EUW1_6880216030,1
Varus,Karma,Zeri,Lux,-316,EUW1_6879181809,1
Samira,Alistar,Veigar,Senna,-475,EUW1_6879138182,0
KogMaw,Ashe,Zeri,Senna,-1033,EUW1_6879089445,0
MissFortune,Nautilus,Ezreal,Brand,-1694,EUW1_6878824571,0
Sivir,Karma,Yasuo,Bard,287,EUW1_6878751937,0
KogMaw,Janna,Ezreal,Ashe,1741,EUW1_6878706949,1
Lucian,Zilean,Samira,Maokai,-44,EUW1_6878659343,1
Aphelios,Shaco,Varus,Maokai,-511,EUW1_6878624851,0
Draven,Ezreal,Samira,Fiora,-334,EUW1_6877853136,0
Kaisa,Yuumi,Samira,Pyke,-1557,EUW1_6877849530,0
Vayne,Janna,Ezreal,Alistar,-1682,EUW1_6877816283,1
Twitch,Soraka,Draven,Rell,-480,EUW1_6882745321,1
Kaisa,Thresh,Zeri,Janna,-519,EUW1_6882617661,1
Ezreal,Karma,Ashe,Seraphine,685,EUW1_6882567490,0
Ezreal,Zyra,Zeri,Nautilus,1654,EUW1_6882523341,1
Ezreal,Nautilus,Kaisa,Camille,2832,EUW1_6874980841,0
Kaisa,Rakan,MissFortune,Rell,1111,EUW1_6874952107,1
Zeri,Milio,Jinx,Bard,1580,EUW1_6872698777,0
Twitch,Rakan,Zeri,Nautilus,-759,EUW1_6871814386,1
Ashe,Velkoz,Kaisa,Thresh,-1541,EUW1_6870743339,0
Zeri,Lulu,Vayne,Rakan,-154,EUW1_6869836015,1
Kaisa,Bard,Ezreal,Pyke,-726,EUW1_6869766288,0
Zeri,Nautilus,Vayne,Rell,-709,EUW1_6868331914,0
Kaisa,Janna,Jinx,Rakan,280,EUW1_6868261933,1
Varus,Nami,Kaisa,Karma,1499,EUW1_6868208062,1
Jhin,Pyke,Nilah,Sona,1776,EUW1_6868151231,0
Kaisa,Blitzcrank,Jinx,Rakan,-1653,EUW1_6867227718,1
Velkoz,Pyke,Jinx,Janna,871,EUW1_6867160024,0
Varus,Sylas,Zeri,Amumu,-133,EUW1_6867018349,0
Tristana,Taric,Kaisa,Rakan,610,EUW1_6866943462,1
Kalista,Maokai,Senna,Nautilus,-2574,EUW1_6869279325,0
Jinx,Janna,Zeri,Karma,-2936,EUW1_6869256201,0
Draven,Poppy,Smolder,Briar,-548,EUW1_6869245583,1
KogMaw,Shaco,Twitch,Pyke,-1069,EUW1_6869093048,0
Sivir,Neeko,Jinx,Milio,-735,EUW1_6869033332,0
Varus,TahmKench,Kaisa,Nami,657,EUW1_6868957203,0
Jinx,Nami,Seraphine,Zyra,1176,EUW1_6868870860,1
Jinx,Sona,KogMaw,Nami,3,EUW1_6868701595,0
Samira,Alistar,Caitlyn,Taric,-676,EUW1_6868618410,0
KogMaw,Renata,Nilah,Alistar,-979,EUW1_6868559355,0
Sivir,Zyra,Jinx,Milio,38,EUW1_6868503912,0
Aphelios,Janna,Jinx,Nami,628,EUW1_6868443910,0
Ashe,Braum,Sivir,Nami,511,EUW1_6867476137,0
Zeri,Senna,Kaisa,Nautilus,-1050,EUW1_6867429749,1
Zeri,Lulu,Jinx,Brand,512,EUW1_6865232231,1
Xayah,Zyra,Ezreal,Janna,320,EUW1_6865165485,0
Zeri,Milio,Yasuo,Morgana,1186,EUW1_6883490988,1
Kaisa,Rell,Zeri,Neeko,1166,EUW1_6883440836,0
Jinx,Braum,Yasuo,Senna,-2822,EUW1_6883373880,0
Jinx,Thresh,Twitch,Lulu,-1129,EUW1_6883297405,1
Vayne,Leona,Zeri,Rakan,-1010,EUW1_6883153990,0
Yasuo,Pyke,Jinx,Renata,1467,EUW1_6882951904,1
Jinx,Thresh,Xayah,Rakan,3542,EUW1_6882759448,1
Zeri,Thresh,Kaisa,Zilean,2147,EUW1_6882694631,0
Zeri,Thresh,Jhin,Sylas,1568,EUW1_6882651936,0
Zeri,Lulu,Jinx,Rakan,1434,EUW1_6882603642,0
Ashe,Rakan,Zeri,Alistar,1348,EUW1_6882562635,1
Twitch,Brand,Zyra,Senna,-10,EUW1_6882525742,0
Zeri,Camille,Twitch,Bard,430,EUW1_6882199843,0
Jinx,Lulu,Zeri,Rengar,3391,EUW1_6882180800,1
Aphelios,Zac,Vayne,Karma,-1628,EUW1_6882153939,0
Jinx,Renata,Draven,Blitzcrank,-4166,EUW1_6881668809,0
Xayah,Sylas,Zeri,Braum,-2892,EUW1_6881623363,0
Kaisa,Thresh,Zeri,Rell,-1133,EUW1_6879895048,0
Jinx,Blitzcrank,Ashe,Janna,1218,EUW1_6879853302,1
Jinx,Milio,Draven,Maokai,-4191,EUW1_6879757469,1
Ezreal,Karma,Zeri,Alistar,1419,EUW1_6883664399,1
Zeri,Heimerdinger,Draven,Blitzcrank,221,EUW1_6882150401,0
Zeri,Braum,Aphelios,Blitzcrank,-541,EUW1_6882109511,0
Jhin,Braum,Zeri,Thresh,-1219,EUW1_6882055499,1
Xayah,Rakan,Jinx,Thresh,143,EUW1_6876409264,1
Jinx,Alistar,Varus,Bard,-1206,EUW1_6876398376,1
Kaisa,Brand,Lucian,Sona,835,EUW1_6876393530,0
Zeri,Lulu,Varus,Pyke,-1296,EUW1_6876372034,0
KogMaw,Nautilus,Samira,Camille,-1536,EUW1_6873719527,0
Caitlyn,Camille,Zeri,Lulu,658,EUW1_6873703166,1
Kaisa,Maokai,Jinx,Bard,-470,EUW1_6873685115,0
Kaisa,Nautilus,KogMaw,Bard,-290,EUW1_6873670598,0
Lucian,Milio,Jinx,Karma,207,EUW1_6873645890,1
Ashe,Leona,Sivir,Janna,-759,EUW1_6873620990,0
Aphelios,Yuumi,Jinx,Camille,-3327,EUW1_6864552088,0
Sivir,Blitzcrank,Kaisa,Xerath,-1351,EUW1_6864537445,1
Samira,Pyke,Ezreal,Velkoz,-462,EUW1_6864528215,0
Caitlyn,Renata,Kaisa,Rell,510,EUW1_6883669040,1
Jinx,Blitzcrank,Twitch,Lulu,305,EUW1_6883620858,1
Ashe,Rell,KogMaw,Braum,-398,EUW1_6883599964,0
Ezreal,Taliyah,Zeri,Zilean,2954,EUW1_6883563613,0
Nilah,Soraka,Zeri,Lulu,-527,EUW1_6883522564,0
Zeri,Yuumi,Jinx,Gragas,-1819,EUW1_6883478365,0
Jinx,Braum,Ezreal,Leona,534,EUW1_6883417701,0
Jinx,Milio,Twitch,Braum,984,EUW1_6883344727,1
Ashe,Janna,Kalista,Pyke,-245,EUW1_6882968427,0
Kaisa,Nautilus,Swain,Pyke,1863,EUW1_6882921838,1
Lucian,Leona,Aphelios,Milio,-1212,EUW1_6882873749,0
Samira,Nautilus,Ezreal,Braum,-1978,EUW1_6882815414,0
Ezreal,Brand,Sivir,Janna,-618,EUW1_6882775391,1
Samira,Thresh,Zeri,Nautilus,742,EUW1_6882647730,0
Zeri,Rakan,Sivir,Lux,-1079,EUW1_6882605647,1
Aphelios,Alistar,Zeri,Blitzcrank,1597,EUW1_6882569974,0
Kaisa,Rakan,Zeri,Sona,-1640,EUW1_6882543825,0
Zeri,Milio,Aphelios,Blitzcrank,-189,EUW1_6882165762,0
Jinx,Janna,Kaisa,Senna,-93,EUW1_6882121745,1
Aphelios,Leona,Kaisa,Braum,-282,EUW1_6882009473,0
Lucian,Nami,Senna,Maokai,1158,EUW1_6883494307,0
Zeri,Thresh,Draven,Morgana,-3318,EUW1_6883460739,0
Zeri,Lulu,Smolder,Karma,-1352,EUW1_6883409715,0
Smolder,Janna,Zeri,Milio,-261,EUW1_6883322646,1
Kaisa,Janna,Zeri,Milio,230,EUW1_6883249737,0
Smolder,Janna,Zeri,Velkoz,-240,EUW1_6883151938,0
Ezreal,Soraka,Zeri,Janna,64,EUW1_6883094605,0
Draven,Lulu,Twitch,Yuumi,1003,EUW1_6883051112,1
Varus,Alistar,Zeri,Nautilus,421,EUW1_6882137222,0
Kaisa,Leona,Jinx,Rakan,-1264,EUW1_6882122583,0
Varus,Braum,Caitlyn,Morgana,-1864,EUW1_6882070745,0
Jinx,Rell,Aphelios,Janna,-1823,EUW1_6880682859,0
Jinx,Lulu,Karthus,Leona,1271,EUW1_6883374422,0
Jinx,Maokai,Zeri,Seraphine,638,EUW1_6883302096,0
Twitch,Pantheon,Ezreal,Taliyah,1163,EUW1_6883240781,1
Jinx,Camille,Smolder,Zac,945,EUW1_6883099996,0
Zeri,Janna,Vayne,Rumble,759,EUW1_6883048893,1
Seraphine,Sona,Zeri,Senna,-1401,EUW1_6882983982,0
Jinx,Milio,Kaisa,Zyra,-1182,EUW1_6882926365,0
Kaisa,Kassadin,Twitch,Thresh,-49,EUW1_6882889978,0
Caitlyn,Alistar,Veigar,Thresh,-66,EUW1_6882830391,0
Kaisa,Seraphine,Jinx,Rell,-275,EUW1_6882701001,0
Vayne,Rell,Kaisa,Thresh,423,EUW1_6882658177,0
Yasuo,Zac,Lucian,Braum,-1706,EUW1_6882579661,1
Zeri,Senna,Jinx,Lulu,1703,EUW1_6882542367,1
Vayne,Karma,Jinx,Lulu,-160,EUW1_6874830554,0
Smolder,Braum,Zeri,Rakan,-97,EUW1_6874749273,0
Jinx,FiddleSticks,Vayne,Sona,1451,EUW1_6874576370,1
Kalista,Ashe,Ezreal,Sona,164,EUW1_6874526873,0
Lucian,Nami,Zeri,Brand,893,EUW1_6874465470,0
Jinx,Seraphine,Zeri,Lulu,-405,EUW1_6874405068,1
Sivir,Janna,Kaisa,Rakan,2269,EUW1_6882017886,1
Lucian,Rumble,Kaisa,Thresh,-1415,EUW1_6881939204,1
Draven,Nautilus,Jinx,Thresh,-3248,EUW1_6881847951,0
Kaisa,Rell,Ashe,Janna,-344,EUW1_6881765148,0
Vayne,Thresh,Jinx,Taric,3313,EUW1_6881691925,1
Hwei,Thresh,Vayne,Nami,-720,EUW1_6880460047,0
Zeri,Seraphine,Caitlyn,Thresh,595,EUW1_6880412365,1
Vayne,Seraphine,Jinx,Thresh,467,EUW1_6879136900,1
Aphelios,Thresh,KogMaw,Braum,672,EUW1_6879079434,0
Kalista,Thresh,Twitch,Braum,-498,EUW1_6879026969,0
Ezreal,Janna,Jinx,Rakan,-763,EUW1_6878948742,0
Caitlyn,Janna,Ezreal,Lux,-189,EUW1_6878387952,1
Kalista,Braum,Zeri,Pyke,368,EUW1_6877831562,1
KogMaw,Janna,Twitch,Bard,641,EUW1_6877799774,0
Jhin,Karma,KogMaw,Lulu,1166,EUW1_6877783539,1
Hwei,Pantheon,Caitlyn,Janna,-505,EUW1_6877727283,0
Jinx,Janna,Lucian,Senna,-363,EUW1_6874837040,1
Jinx,Janna,Kaisa,Pyke,-265,EUW1_6874795263,1
Draven,Rell,Vayne,Trundle,2753,EUW1_6874739074,0
Smolder,Rell,Kaisa,Nautilus,742,EUW1_6874667982,1
Jinx,Bard,Janna,Yuumi,4350,EUW1_6874607937,1
Jhin,Hwei,Twitch,Rakan,-1290,EUW1_6872182856,0
Zeri,Lulu,Jinx,Ashe,1033,EUW1_6872036090,1
Xayah,Senna,Jinx,Zyra,2955,EUW1_6871981377,1
Kaisa,Camille,Nilah,Pyke,-397,EUW1_6870889031,0
Jinx,Thresh,Jhin,Karma,-776,EUW1_6870872256,1
Jinx,Nautilus,Twitch,Taric,210,EUW1_6870794314,1
Nilah,Alistar,Varus,Blitzcrank,142,EUW1_6870694464,0
Jinx,Lulu,Tristana,Nami,-957,EUW1_6880318943,0
Varus,Pyke,Caitlyn,Janna,-628,EUW1_6879975543,0
Ashe,Janna,Zeri,Zilean,1602,EUW1_6879889569,0
Kaisa,Pyke,Ezreal,Karma,1939,EUW1_6879742861,1
Lucian,Lux,Draven,Maokai,-2292,EUW1_6879671250,0
Varus,Rakan,Jinx,Braum,-338,EUW1_6879063234,0
Ashe,Milio,Varus,Senna,-1434,EUW1_6879000263,1
Zeri,Lulu,Xayah,Lux,-3292,EUW1_6878962563,0
Kaisa,Bard,KogMaw,Leona,-321,EUW1_6878778786,0
Caitlyn,Velkoz,Xayah,Lulu,2065,EUW1_6878740645,1
Twitch,Lulu,Jinx,Soraka,517,EUW1_6878690176,0
Ezreal,Elise,Kaisa,Janna,182,EUW1_6878557454,0
Aphelios,Bard,Jinx,Rakan,1316,EUW1_6878292996,0
Vayne,Pyke,Xayah,Rakan,1201,EUW1_6878226310,1
Karthus,Jhin,Yasuo,Taric,-917,EUW1_6878193405,0
Zeri,Alistar,Jinx,Soraka,749,EUW1_6877829797,1
KogMaw,Galio,Tristana,Blitzcrank,-101,EUW1_6877689051,0
Yasuo,Orianna,Jinx,Thresh,1541,EUW1_6877297380,0
Senna,Pyke,Ezreal,Blitzcrank,-99,EUW1_6877025724,1
Jhin,Shaco,Lucian,Rengar,-878,EUW1_6875572149,1
Nilah,Thresh,Xayah,Nami,643,EUW1_6871400940,0
Vayne,Bard,Lucian,Nami,386,EUW1_6870927373,1
Twitch,Camille,Zeri,Senna,508,EUW1_6870917083,0
Kaisa,Pyke,Ezreal,Zac,407,EUW1_6870892375,0
Kaisa,Seraphine,KogMaw,Janna,1274,EUW1_6870872266,1
Zeri,Lulu,Kaisa,Brand,1332,EUW1_6870857838,1
Jinx,Milio,Varus,Orianna,518,EUW1_6870834525,1
Aphelios,Milio,Jinx,Blitzcrank,-1981,EUW1_6870078365,0
Jinx,Rakan,Xayah,Blitzcrank,98,EUW1_6870028179,1
Zeri,Pyke,Samira,Thresh,-495,EUW1_6869263923,0
Zeri,Soraka,Aphelios,Karma,-2339,EUW1_6869247907,0
Yasuo,Soraka,Jinx,Zilean,1381,EUW1_6869229804,1
Jhin,Xerath,Jinx,Milio,484,EUW1_6869138240,0
Samira,Pantheon,Kalista,Poppy,-1730,EUW1_6869111151,0
Jinx,Thresh,Kaisa,Maokai,1976,EUW1_6869077414,1
Yasuo,Nautilus,Zeri,Braum,-1162,EUW1_6869030893,1
Lucian,Neeko,Twitch,Janna,1045,EUW1_6868985289,0
Jinx,Rakan,TwistedFate,Milio,-2720,EUW1_6881612632,0
Ziggs,Janna,Jinx,Nami,464,EUW1_6881553019,0
Xayah,Rakan,Lucian,Braum,598,EUW1_6881190955,1
Zeri,Braum,Aphelios,Blitzcrank,-225,EUW1_6881127780,0
Jinx,Janna,Caitlyn,Bard,1027,EUW1_6880744203,1
Lucian,Braum,Sivir,Janna,3212,EUW1_6880727062,1
Zeri,Rakan,Vayne,Nautilus,1126,EUW1_6880709687,1
Jhin,Leblanc,Zeri,Bard,674,EUW1_6880675764,1
Zeri,Camille,Kaisa,Janna,2074,EUW1_6880638070,1
Vayne,Janna,Draven,Nautilus,-1156,EUW1_6880576727,0
Twitch,Pantheon,Jinx,Soraka,184,EUW1_6880513356,0
Xayah,Alistar,Twitch,Rell,-122,EUW1_6880456574,0
Jinx,Rakan,KogMaw,Nautilus,481,EUW1_6880386426,1
Zeri,Velkoz,Vayne,Senna,1297,EUW1_6880342687,1
Ezreal,Zilean,Twitch,Karma,93,EUW1_6880206407,1
Ezreal,Rakan,Zeri,Lux,98,EUW1_6880125693,1
Nilah,Thresh,Varus,Taric,320,EUW1_6876685334,0
Twitch,Brand,Ashe,Nami,-479,EUW1_6875860707,0
Caitlyn,Rakan,Vayne,Taric,-1742,EUW1_6883583568,1
Vayne,Taric,Ashe,Nautilus,-1845,EUW1_6883548126,0
Taric,Taliyah,Zeri,Soraka,-2647,EUW1_6877258071,1
Ashe,Sona,Draven,Taric,233,EUW1_6875874207,0
Kaisa,Taric,TwistedFate,Janna,-1291,EUW1_6875838925,0
Kaisa,Rakan,Kalista,Taric,2230,EUW1_6869219800,0
Smolder,Rell,Vayne,Taric,-171,EUW1_6869162685,0
Draven,Taric,KogMaw,Janna,1682,EUW1_6869106227,1
Caitlyn,Rumble,Draven,Taric,-1274,EUW1_6867573057,1
Twitch,Lulu,Jinx,Taric,-310,EUW1_6867554868,0
Lucian,Senna,Ashe,Taric,236,EUW1_6867526306,1
Jinx,Taric,Ziggs,Thresh,-517,EUW1_6867502881,0
Ezreal,Ashe,Samira,Taric,349,EUW1_6864492952,1
Ashe,Taric,KogMaw,Thresh,-247,EUW1_6864467977,1
Xayah,Rakan,Smolder,Taric,1169,EUW1_6864447668,0
Lucian,Taric,Twitch,Sett,-3,EUW1_6864401217,1
Yasuo,Taric,Jinx,Sett,91,EUW1_6864364797,0
Caitlyn,Lux,Zeri,Taric,691,EUW1_6859136640,0
Ashe,Chogath,Samira,Taric,-1866,EUW1_6857763424,0
Zeri,Karma,Twitch,Zilean,-2823,EUW1_6883530139,0
Samira,Nautilus,Draven,Taric,109,EUW1_6883507177,0
Zeri,Yuumi,Smolder,TahmKench,1614,EUW1_6883341343,1
Jhin,Bard,Vayne,Thresh,655,EUW1_6883284737,0
Aphelios,Janna,Jinx,Karma,921,EUW1_6883220031,1
Jinx,Lulu,Samira,Maokai,2355,EUW1_6882814252,1
Zeri,Thresh,Draven,Nautilus,485,EUW1_6882610881,1
Jinx,Rumble,Kaisa,Pyke,-2107,EUW1_6882583762,0
Zeri,Taric,TahmKench,Senna,-4,EUW1_6882555860,0
Draven,Braum,Ezreal,Thresh,-42,EUW1_6882517279,1
Ezreal,Janna,Kaisa,Nautilus,244,EUW1_6882282268,1
Taliyah,Pyke,Sivir,Rakan,383,EUW1_6882260455,0
Aphelios,Thresh,Jinx,Rumble,-1313,EUW1_6882241279,0
Ezreal,Pyke,Draven,Milio,-1108,EUW1_6882203455,1
Zeri,Janna,Karthus,Sona,-1876,EUW1_6882175400,0
Jinx,Rakan,Kaisa,Blitzcrank,-545,EUW1_6882168609,0
Vayne,Leona,TwistedFate,Sylas,1600,EUW1_6882145554,1
Caitlyn,Lux,Kaisa,Ashe,1355,EUW1_6881970340,0
Ezreal,Janna,Ashe,Nautilus,-916,EUW1_6881918361,0
Jinx,Soraka,Twitch,Yuumi,-1981,EUW1_6881855130,0
Ezreal,Blitzcrank,Kaisa,Taric,-705,EUW1_6883727568,1
Ashe,Janna,Caitlyn,Thresh,787,EUW1_6883716706,0
Ezreal,Lux,Vayne,Nami,1830,EUW1_6882987149,1
Smolder,Janna,Ezreal,Sona,1753,EUW1_6882893565,0
Jinx,Milio,Tristana,Shaco,-2642,EUW1_6882836332,1
Lucian,Nami,Draven,Thresh,-1202,EUW1_6882474419,0
Jinx,Lulu,Kaisa,Neeko,494,EUW1_6882470468,1
Samira,Maokai,Ezreal,Neeko,-1126,EUW1_6882394494,0
Xayah,Xerath,Samira,Nautilus,821,EUW1_6882379628,1
Jinx,Lulu,Tristana,Seraphine,-2476,EUW1_6882355138,1
Ashe,Rakan,Twitch,Lulu,122,EUW1_6881575077,0
Caitlyn,Blitzcrank,Kaisa,Pyke,-2296,EUW1_6881492704,1
Tristana,Janna,Jinx,Lulu,-425,EUW1_6881438048,1
Kaisa,Blitzcrank,Draven,Rakan,-471,EUW1_6881374018,1
Ezreal,Lux,Aphelios,Lulu,1697,EUW1_6881102531,0
Twitch,Lulu,Kaisa,Rell,-690,EUW1_6881014232,1
Aphelios,Janna,Draven,Soraka,-819,EUW1_6876207207,1
Jinx,Nautilus,Ashe,Soraka,1260,EUW1_6876164837,1
Zeri,Seraphine,Jinx,Soraka,58,EUW1_6875945967,0
Kaisa,Soraka,Jhin,Ashe,-3233,EUW1_6873624917,1
Swain,Yuumi,Jinx,Janna,1164,EUW1_6873590923,0
Kaisa,Sona,Zeri,Nami,-640,EUW1_6873174777,0
Samira,Soraka,Zeri,Blitzcrank,1648,EUW1_6873027797,1
Ezreal,Janna,Jinx,Soraka,218,EUW1_6872019684,0
Jinx,Soraka,Kaisa,Blitzcrank,-1395,EUW1_6871664452,1
Jinx,Janna,Twitch,Sona,-50,EUW1_6871473738,0
Zeri,Yuumi,Ashe,Bard,224,EUW1_6871337758,1
Jinx,Janna,Caitlyn,Yuumi,-133,EUW1_6870880818,0
Twitch,Soraka,Ashe,Rell,-331,EUW1_6870808532,1
Kaisa,Nautilus,Ezreal,Soraka,-51,EUW1_6870770048,1
Caitlyn,Yuumi,Jhin,Bard,566,EUW1_6870708617,0
Jinx,Soraka,Caitlyn,Janna,-2971,EUW1_6870638947,0
Ashe,Seraphine,Twitch,Yuumi,-890,EUW1_6870557977,1
Kaisa,Camille,Zeri,Yuumi,2370,EUW1_6870507287,1
Zeri,Milio,Ezreal,Zilean,1576,EUW1_6883503346,0
Zeri,Ezreal,Jinx,Camille,79,EUW1_6883462919,1
Draven,Alistar,Twitch,Braum,-1510,EUW1_6883407859,0
Zeri,Karma,Jinx,Morgana,-412,EUW1_6883350649,1
Kaisa,Maokai,Twitch,Lulu,555,EUW1_6881877813,0
Ezreal,Karma,Smolder,Rakan,1167,EUW1_6881784536,1
Lucian,Braum,Aphelios,Karma,-1457,EUW1_6881475044,0
Jinx,Alistar,Ezreal,Janna,-3098,EUW1_6881105345,0
Rengar,Brand,Ezreal,Braum,-1877,EUW1_6880666751,0
Jinx,Rakan,Twitch,Taric,-1476,EUW1_6879749151,0
Ashe,Milio,Aphelios,Zilean,2030,EUW1_6883669003,1
Zeri,Zilean,Aphelios,Ashe,-2608,EUW1_6883658385,0
Kaisa,Braum,Jinx,Nautilus,4076,EUW1_6883653757,1
Kaisa,Leona,Ashe,Rumble,-1184,EUW1_6883605301,1
Kaisa,Leona,Lucian,Nami,-1294,EUW1_6883593581,0
Kaisa,Pyke,Vayne,Soraka,-361,EUW1_6883545424,0
Ashe,Janna,Aphelios,Thresh,-576,EUW1_6869185268,1
Jinx,Sett,KogMaw,Lulu,-1019,EUW1_6868917771,0
Tristana,Shaco,KogMaw,Lulu,2551,EUW1_6868866689,1
Twitch,Velkoz,Kaisa,Pyke,-430,EUW1_6877661603,1
Nilah,Soraka,Ezreal,Zyra,1148,EUW1_6879415392,1
Ezreal,Zyra,Hwei,Janna,393,EUW1_6879406795,0
Jinx,Thresh,Zeri,Nautilus,394,EUW1_6878810293,0
KogMaw,Thresh,Tristana,Janna,243,EUW1_6878767865,0
Kennen,Blitzcrank,Samira,Pyke,-764,EUW1_6878728622,0
Vayne,Janna,Ziggs,Ashe,-1014,EUW1_6878673701,1
Lucian,Milio,KogMaw,Lulu,-2451,EUW1_6878630612,0
Jinx,Senna,KogMaw,Thresh,-2736,EUW1_6878239563,0
Jhin,Chogath,Nilah,Janna,145,EUW1_6878200388,0
Draven,Camille,Zeri,Lulu,2498,EUW1_6878169190,0
Zeri,Blitzcrank,Ezreal,Rumble,636,EUW1_6877967492,1
Draven,Karma,Caitlyn,Nautilus,-1586,EUW1_6877949990,0
Jhin,Rakan,Kaisa,Zyra,-266,EUW1_6875070718,0
Varus,Janna,Zeri,Camille,-2542,EUW1_6875054177,0
Draven,Senna,Kaisa,Hwei,442,EUW1_6875045102,0
Jinx,Renata,Zeri,Rell,-1084,EUW1_6872386003,0
Ezreal,Camille,Twitch,Zyra,-1780,EUW1_6872367112,0
Velkoz,Urgot,KogMaw,Pyke,-1105,EUW1_6872319371,0
Jinx,Lulu,Zeri,Nautilus,126,EUW1_6872319750,0
Karthus,Janna,Zeri,Rakan,17,EUW1_6872307793,0
Xayah,Annie,Kaisa,Leona,-1323,EUW1_6877221666,0
Jhin,Bard,Ezreal,Lux,-1898,EUW1_6870843167,1
Twitch,Renata,Zeri,Xerath,-2422,EUW1_6870003642,0
Twitch,Nami,Jinx,Lulu,837,EUW1_6869923138,0
Aphelios,Bard,Lucian,Nami,-177,EUW1_6869648322,1
Twitch,Lulu,Jhin,Bard,424,EUW1_6867362160,0
Smolder,Janna,Ezreal,Shaco,-809,EUW1_6850508385,1
Kaisa,Pantheon,Smolder,Janna,-185,EUW1_6850482153,0
Varus,Lulu,Twitch,Braum,-573,EUW1_6850458555,0
Yasuo,Blitzcrank,Smolder,Janna,986,EUW1_6850400042,1
Swain,Karma,Tristana,Zilean,1067,EUW1_6849953554,0
Twitch,Rakan,Samira,JarvanIV,-2698,EUW1_6849907352,0
Smolder,Rell,Samira,Alistar,-1742,EUW1_6849870381,0
Xerath,Alistar,Ezreal,Maokai,902,EUW1_6849820001,1
Vayne,Nami,Samira,Maokai,1297,EUW1_6849192054,1
Kaisa,Nautilus,Twitch,Lulu,665,EUW1_6848523507,1
Aphelios,Yuumi,Ziggs,Pantheon,-991,EUW1_6883537262,0
Sivir,Pyke,Zeri,Rell,1209,EUW1_6883481240,1
Zeri,Janna,Vayne,Alistar,281,EUW1_6882229225,1
Veigar,Alistar,Jinx,Thresh,-470,EUW1_6882178259,1
Kaisa,Nami,Zeri,Lulu,-352,EUW1_6874544226,1
Hwei,Maokai,Jinx,Milio,1378,EUW1_6874264014,1
Ezreal,Leona,Kaisa,Taric,1010,EUW1_6874212439,0
Twitch,Poppy,Smolder,Milio,-1268,EUW1_6869059887,0
Jinx,Twitch,MissFortune,Janna,2138,EUW1_6868990052,1
Sivir,Janna,Ezreal,Ashe,-1862,EUW1_6863144651,0
Ezreal,Senna,MissFortune,Rakan,-2119,EUW1_6863121727,1
Tristana,Renata,Jinx,Maokai,1530,EUW1_6883138516,1
Caitlyn,Nautilus,Draven,Braum,-2931,EUW1_6883074745,0
Kaisa,Pyke,Draven,Nautilus,-1898,EUW1_6883029068,0
Jinx,Thresh,Zeri,Pantheon,1309,EUW1_6882976914,1
Jinx,Lulu,Twitch,Swain,1334,EUW1_6882917955,1
Ashe,Janna,Ezreal,Karma,896,EUW1_6882338775,1
Jinx,Nautilus,Ashe,Braum,1067,EUW1_6882283664,0
Yasuo,Janna,Kaisa,Thresh,182,EUW1_6882266151,0
Zeri,Pyke,Kaisa,Sona,927,EUW1_6882248086,1
Kaisa,Alistar,Lucian,Janna,-3208,EUW1_6882201606,0
Jinx,Alistar,Kaisa,Pyke,-1212,EUW1_6882165937,0
Lucian,Milio,Vayne,Rakan,1144,EUW1_6881796051,1
Ezreal,Karma,Jinx,Seraphine,2121,EUW1_6881734324,1
Twitch,Milio,Jinx,Renata,687,EUW1_6881518292,0
Jinx,Nami,Twitch,Seraphine,-1818,EUW1_6880565256,1
Ezreal,Seraphine,Ziggs,Shaco,-124,EUW1_6880506647,1
Kaisa,Pyke,Ezreal,Seraphine,-1824,EUW1_6880358936,1
Ezreal,Seraphine,Caitlyn,Ashe,1917,EUW1_6880314944,1
Samira,Rell,Jinx,Thresh,1460,EUW1_6873713245,0
KogMaw,Senna,Twitch,Soraka,-187,EUW1_6873700236,1
KogMaw,Pantheon,Zeri,Rakan,-179,EUW1_6873680085,1
Twitch,Zilean,Kaisa,Seraphine,880,EUW1_6873664279,1
Ezreal,Kindred,Ashe,Soraka,-104,EUW1_6873655514,0
Jhin,Zyra,Caitlyn,Rell,1594,EUW1_6873622448,1
Anivia,Thresh,Jinx,Soraka,1402,EUW1_6873607129,1
Zeri,Janna,Jhin,Xerath,-695,EUW1_6873564982,0
KogMaw,FiddleSticks,Seraphine,Senna,-1738,EUW1_6873519854,1
Caitlyn,Janna,Jinx,Braum,2392,EUW1_6873468025,0
Seraphine,Senna,Lucian,Blitzcrank,241,EUW1_6873385513,0
Jinx,Rakan,Caitlyn,Blitzcrank,-405,EUW1_6873169472,0
Twitch,Lulu,Kalista,Neeko,-511,EUW1_6873118488,0
Zeri,Shaco,Kaisa,Senna,-273,EUW1_6873062494,0
Twitch,Maokai,Zeri,Soraka,1114,EUW1_6872329400,1
Jinx,Twitch,Ezreal,Braum,1225,EUW1_6872335533,1
Jinx,Morgana,Twitch,Zilean,-542,EUW1_6872316158,1
Draven,Janna,Vayne,Soraka,-2107,EUW1_6872315472,1
Kaisa,Senna,Ezreal,Zilean,1232,EUW1_6872298593,1
Twitch,Senna,Ezreal,Soraka,604,EUW1_6872282627,0
Tristana,Blitzcrank,Lucian,Milio,2121,EUW1_6882207573,1
Draven,Leona,Kaisa,Blitzcrank,206,EUW1_6882170173,0
Jinx,Ashe,Zeri,Lulu,1786,EUW1_6879136559,1
Caitlyn,Sona,Ashe,Lulu,-1318,EUW1_6878344623,0
Kaisa,Alistar,Brand,Nami,-375,EUW1_6878276748,1
Twitch,Thresh,Cassiopeia,Senna,-897,EUW1_6878183357,0
Nilah,Milio,Lucian,Nami,-233,EUW1_6878090509,0
Vayne,Janna,Lucian,Nami,414,EUW1_6876754632,1
Sivir,Janna,Ashe,Blitzcrank,2561,EUW1_6876622061,0
Draven,Pyke,Jinx,Braum,492,EUW1_6871477385,0
Jinx,Nami,Twitch,Renata,141,EUW1_6871436974,0
Caitlyn,Sylas,Jinx,Braum,-433,EUW1_6881265716,0
Kaisa,Nautilus,Zeri,Velkoz,1896,EUW1_6881214669,1
Draven,Leona,Twitch,Ivern,-688,EUW1_6881160292,0
Ezreal,Soraka,Jhin,Bard,1205,EUW1_6881075243,0
Draven,Nautilus,Tristana,Karma,1697,EUW1_6881021836,1
Varus,Shen,Vayne,Thresh,-379,EUW1_6879529386,0
Kaisa,Senna,Nilah,Rell,-1949,EUW1_6879497232,0
Jinx,Milio,Kaisa,Bard,688,EUW1_6879469059,0
Ezreal,Milio,Caitlyn,Thresh,-894,EUW1_6879154015,0
Kaisa,Lulu,Samira,Taric,1312,EUW1_6879104933,0
MissFortune,Alistar,Kaisa,Camille,900,EUW1_6879026679,1
Xayah,Nautilus,Sivir,Pyke,467,EUW1_6878940312,0
Vayne,Pyke,Ezreal,Maokai,-1895,EUW1_6878373379,0
Zeri,Yuumi,Kaisa,Maokai,-929,EUW1_6878330955,1
Zeri,Janna,Kaisa,Nami,-1110,EUW1_6878270894,0
Twitch,Milio,Caitlyn,Lux,394,EUW1_6878199273,1
Caitlyn,Lux,Ashe,Milio,919,EUW1_6878130496,1
Kaisa,Shen,Jhin,Zilean,143,EUW1_6878076729,0
Twitch,Brand,Jinx,Thresh,-388,EUW1_6878032407,1
Ezreal,Soraka,Jinx,Nautilus,164,EUW1_6883202235,0
KogMaw,Sona,Twitch,Lulu,-3090,EUW1_6883147222,0
Twitch,Leona,Ashe,Blitzcrank,1786,EUW1_6883019045,0
Nilah,Thresh,Twitch,Lulu,-422,EUW1_6882974795,0
Twitch,Lulu,Lucian,Bard,-1117,EUW1_6881800195,0
Vayne,Swain,Twitch,Shaco,-1977,EUW1_6881721775,0
Zeri,Milio,Twitch,Zilean,-433,EUW1_6880966611,1
Brand,Nami,Jinx,Milio,1651,EUW1_6880933466,0
Ashe,Rakan,Sivir,Bard,406,EUW1_6880905581,1
Jinx,Pyke,Twitch,Sona,88,EUW1_6880878258,1
Jinx,Lulu,Kaisa,Janna,-645,EUW1_6880425331,0
Ashe,Milio,Ezreal,Sona,-124,EUW1_6879580278,0
Ezreal,Brand,Jinx,Lulu,932,EUW1_6879558169,1
Ashe,Blitzcrank,Zeri,Alistar,-1316,EUW1_6879527472,0
Ziggs,Ashe,Kaisa,Maokai,-463,EUW1_6877034248,0
Twitch,Shaco,MissFortune,Rell,-384,EUW1_6876605037,1
Twitch,Pyke,Jhin,Thresh,2128,EUW1_6876555312,1
Zeri,Bard,Draven,Nami,-635,EUW1_6876540630,0
Ezreal,Lissandra,Jinx,Renata,-920,EUW1_6881348748,0
Kaisa,Rumble,Xayah,Teemo,-1034,EUW1_6881121320,0
Draven,Lissandra,Jinx,Thresh,2436,EUW1_6881040296,0
Jhin,Senna,Zeri,Janna,2156,EUW1_6880957504,1
Jinx,Morgana,Caitlyn,Lux,-2610,EUW1_6880879342,0
Zeri,Lissandra,Vayne,Milio,739,EUW1_6880597506,0
Twitch,Galio,Jinx,Blitzcrank,339,EUW1_6880038502,1
Jinx,Janna,Aphelios,Karma,-609,EUW1_6877086856,0
Jinx,Renata,Xayah,Zac,335,EUW1_6874662519,1
Jinx,Poppy,Vayne,Camille,-814,EUW1_6874512012,0
Zeri,Leona,Xayah,Blitzcrank,2004,EUW1_6874458478,0
Kalista,Zac,Tristana,Renata,170,EUW1_6874395742,1
Kaisa,Taric,Zeri,Nautilus,-875,EUW1_6873408139,0
Vayne,Lissandra,Kaisa,Zac,148,EUW1_6873336409,1
Zeri,Blitzcrank,Smolder,Lulu,198,EUW1_6873082730,1
Ashe,Bard,Ezreal,Morgana,1171,EUW1_6873051507,1
Kaisa,Camille,Senna,Poppy,404,EUW1_6872907777,1
Samira,Nautilus,Draven,Taric,-1832,EUW1_6872847223,1
Ezreal,Janna,Zeri,Blitzcrank,-210,EUW1_6872186167,1
Ashe,Braum,Jhin,Blitzcrank,-719,EUW1_6872128949,0
Aphelios,Taric,Xayah,Rakan,-1117,EUW1_6882813913,1
Lucian,Braum,Aphelios,Camille,-1408,EUW1_6882260442,0
Ezreal,Velkoz,Ashe,Seraphine,-857,EUW1_6882250783,1
Kaisa,Ashe,Zeri,Yuumi,-1368,EUW1_6882225969,0
Zeri,Nautilus,Jinx,Zyra,-869,EUW1_6879275247,0
Varus,FiddleSticks,Ashe,Janna,394,EUW1_6878062978,0
Lucian,Pantheon,Kaisa,Rakan,141,EUW1_6878037012,0
Zed,Hwei,Ezreal,Lulu,-1382,EUW1_6876459702,0
MissFortune,Seraphine,Jhin,Rell,-59,EUW1_6873806293,1
Draven,Nautilus,Twitch,Lulu,2182,EUW1_6872101326,1
Jinx,Lulu,Draven,Janna,217,EUW1_6870894167,0
Zeri,Milio,Lucian,Seraphine,-641,EUW1_6870838717,0
Zeri,Rakan,Smolder,Maokai,-588,EUW1_6870798030,1
Vayne,Rakan,Jhin,Poppy,-969,EUW1_6869392940,0
Lucian,Milio,Twitch,Lulu,743,EUW1_6863302648,1
Jhin,Velkoz,Ashe,Milio,-256,EUW1_6863091544,0
Jhin,Janna,Sivir,Braum,355,EUW1_6863052545,1
Kaisa,Rakan,Ezreal,Neeko,-1153,EUW1_6883773555,0
Kaisa,Poppy,Jinx,Janna,1374,EUW1_6883749101,0
Ashe,Swain,Vayne,Janna,996,EUW1_6881605179,1
Twitch,Sona,Lucian,Milio,1925,EUW1_6881047614,1
Nilah,Rumble,Zeri,Nami,2577,EUW1_6881014815,0
MissFortune,Bard,Ezreal,Lulu,-2033,EUW1_6880968087,1
Jinx,Milio,Kaisa,Zilean,547,EUW1_6880173995,1
Caitlyn,Thresh,Lucian,Lulu,858,EUW1_6876559617,0
Kaisa,Nautilus,AurelionSol,Braum,-52,EUW1_6876537902,0
Draven,Nautilus,Jinx,Braum,490,EUW1_6876527568,0
Zeri,Senna,Twitch,Seraphine,-792,EUW1_6876113648,0
Kaisa,Maokai,Jinx,Braum,-168,EUW1_6876604001,0
Jinx,Thresh,Lucian,Maokai,-651,EUW1_6876571342,0
Vayne,Rakan,Jinx,Janna,-1765,EUW1_6876555744,0
Jinx,Janna,Tristana,Rakan,-1528,EUW1_6876534591,0
Twitch,Lulu,Ashe,Swain,-593,EUW1_6876509480,1
Jinx,Nami,Twitch,Lulu,-1680,EUW1_6876485040,0
Kaisa,Pyke,Ezreal,Karma,786,EUW1_6875946352,1
Jinx,Milio,Varus,Janna,1495,EUW1_6875825982,1
Jinx,Milio,Caitlyn,Senna,752,EUW1_6875750255,1
Aphelios,Karma,Sivir,Janna,-171,EUW1_6875725625,0
Kaisa,Rakan,Lucian,Milio,-86,EUW1_6875677884,1
Jhin,Thresh,Lucian,Brand,355,EUW1_6875634987,1
Kaisa,Janna,Ezreal,Talon,-159,EUW1_6875462054,1
Ashe,Neeko,Jhin,Thresh,734,EUW1_6875203956,1
Jinx,Janna,Zeri,Braum,-929,EUW1_6875111746,0
Twitch,Camille,Ezreal,Nami,-166,EUW1_6874609265,0
Ashe,Lissandra,Kaisa,Bard,1592,EUW1_6874569631,1
Ezreal,Nautilus,KogMaw,Lulu,-530,EUW1_6874486990,1
Jinx,Nami,Tristana,Milio,422,EUW1_6874276464,1
Jinx,Braum,Aphelios,Alistar,-113,EUW1_6874134768,1
Draven,Pyke,Swain,Blitzcrank,1386,EUW1_6882999613,0
Jinx,Milio,Jhin,Pyke,-2414,EUW1_6882927431,0
Ziggs,Senna,Zeri,Blitzcrank,-1446,EUW1_6882867358,1
Jinx,Lulu,Zeri,Thresh,-641,EUW1_6882818103,0
Jinx,Lulu,Varus,Renata,81,EUW1_6882777139,1
Sivir,Karma,Zeri,Alistar,-592,EUW1_6882706242,1
Zeri,Braum,Twitch,Nautilus,1285,EUW1_6882674011,0
Twitch,Nami,Vayne,Blitzcrank,332,EUW1_6882630077,1
KogMaw,Milio,Jinx,Zac,679,EUW1_6882024137,1
Jhin,Sona,Aphelios,Thresh,127,EUW1_6881701306,1
Twitch,Blitzcrank,Zeri,Milio,-478,EUW1_6881622308,0
Ashe,Blitzcrank,Twitch,Janna,960,EUW1_6881562799,0
Twitch,Janna,Jinx,Rakan,-65,EUW1_6881508686,0
Jinx,Lulu,Aphelios,Swain,-347,EUW1_6881351252,1
MissFortune,Braum,Karthus,Rakan,-26,EUW1_6881288075,0
Xayah,Rakan,Seraphine,Blitzcrank,-149,EUW1_6881248816,1
Draven,Leona,Caitlyn,Zyra,1718,EUW1_6881210705,0
Sivir,Nami,Zeri,Blitzcrank,-2163,EUW1_6881137172,0
Smolder,Blitzcrank,Kaisa,Nautilus,1458,EUW1_6881093792,1
Ezreal,Nautilus,Jinx,Lulu,134,EUW1_6880294558,1
Samira,Sona,Ezreal,Bard,-1053,EUW1_6874602559,0
Jinx,Milio,Tristana,Blitzcrank,279,EUW1_6873281346,1
Sivir,Braum,Jinx,Morgana,-8,EUW1_6871800992,0
Jinx,Taric,Twitch,Nami,1923,EUW1_6870535310,1
Draven,Nami,Jhin,Janna,318,EUW1_6870146068,0
Jinx,Braum,KogMaw,Milio,-1217,EUW1_6870075198,0
Ezreal,Bard,Nilah,Zyra,233,EUW1_6869733454,1
Lucian,Nami,Kaisa,Nautilus,-205,EUW1_6869683703,0
Draven,Sona,Ziggs,Zilean,1002,EUW1_6869641451,0
Nilah,Lux,Jinx,Maokai,2405,EUW1_6869411930,0
Jinx,Leona,Lucian,Zilean,2245,EUW1_6869392582,1
Kaisa,Pyke,Jinx,Rakan,1773,EUW1_6868894147,1
Zeri,Janna,Aphelios,Thresh,-1115,EUW1_6868730041,1
Aphelios,Karma,Zeri,Thresh,2791,EUW1_6868655834,1
Samira,Seraphine,Vayne,Blitzcrank,1152,EUW1_6868318424,1
Jinx,Janna,Twitch,Milio,-2363,EUW1_6868273260,0
Draven,Lulu,Ezreal,Braum,-266,EUW1_6868203231,0
Jinx,Nautilus,Aphelios,Rell,5,EUW1_6868071828,1
Vayne,Rell,Kaisa,Milio,-726,EUW1_6868027089,1
Jinx,Milio,Sivir,Blitzcrank,190,EUW1_6867997670,0
Draven,Pyke,Ezreal,Bard,3186,EUW1_6882578189,0
Zeri,Seraphine,Ezreal,Thresh,853,EUW1_6882550165,1
Jinx,Alistar,Ezreal,Camille,1278,EUW1_6881464587,1
Twitch,Lulu,Jinx,Pyke,-60,EUW1_6881406044,0
Ezreal,Janna,Zeri,Maokai,1861,EUW1_6881293469,1
Twitch,Milio,Ezreal,Janna,148,EUW1_6881241372,0
Twitch,Lulu,Samira,Blitzcrank,1358,EUW1_6881195156,1
Vayne,Pyke,Zeri,Braum,1137,EUW1_6881130276,1
Aphelios,Thresh,Ezreal,Soraka,1601,EUW1_6881065404,0
Caitlyn,Lux,Twitch,Zilean,2496,EUW1_6881032269,1
Zeri,Maokai,Xerath,Senna,-1561,EUW1_6880990699,0
Jinx,Taric,Vayne,Maokai,-544,EUW1_6880959174,0
Kaisa,TahmKench,Ezreal,Janna,281,EUW1_6880867648,1
Zeri,Rakan,Kaisa,Nidalee,723,EUW1_6880846112,0
MissFortune,Alistar,Kaisa,Blitzcrank,1,EUW1_6880831391,1
Jinx,Thresh,Ashe,Rell,-2223,EUW1_6880819450,1
Caitlyn,Zilean,Kaisa,Nami,-556,EUW1_6880821550,0
Ezreal,Zyra,Vayne,Nami,1846,EUW1_6880801292,1
Zeri,Senna,Katarina,Soraka,-1851,EUW1_6880795330,0
Urgot,Taric,Vayne,Poppy,601,EUW1_6879626706,1
Varus,Renata,Jinx,Shaco,-143,EUW1_6879586660,0
Twitch,Milio,Xayah,Rakan,1051,EUW1_6879522925,1
Twitch,Rakan,Jinx,Lulu,-367,EUW1_6879475110,0
Zeri,Pantheon,Kaisa,Renata,1004,EUW1_6881260727,1
KogMaw,Renata,Jinx,Rakan,1287,EUW1_6878073415,1
Vayne,Rakan,Draven,Renata,-3145,EUW1_6867799192,0
Caitlyn,Nami,KogMaw,Renata,1709,EUW1_6867342371,0
Jinx,Milio,Ezreal,Renata,88,EUW1_6867256315,0
Zeri,Renata,Ashe,Milio,-549,EUW1_6865282769,1
Caitlyn,Lulu,Vayne,Renata,-1062,EUW1_6863362537,0
Samira,Taliyah,Kaisa,Renata,-754,EUW1_6863332122,0
Xayah,Pyke,Katarina,Renata,-1630,EUW1_6863318902,0
Tristana,Ashe,Jinx,Renata,-488,EUW1_6862580083,0
Smolder,Annie,Vayne,Renata,-333,EUW1_6862178906,0
Hwei,Janna,Kaisa,Teemo,-648,EUW1_6861818712,0
Kaisa,Blitzcrank,Smolder,Renata,-995,EUW1_6861758102,0
Senna,Swain,Tristana,Renata,-208,EUW1_6860672811,0
Senna,Renata,Sivir,Milio,1714,EUW1_6860643201,1
Ashe,Milio,Karthus,Renata,2047,EUW1_6858669453,1
Sivir,Renata,Kaisa,Nautilus,987,EUW1_6856495739,0
Kaisa,Velkoz,Smolder,Senna,1165,EUW1_6883765195,1
Ashe,Janna,Jinx,Bard,289,EUW1_6882403837,1
Ezreal,Rakan,Zeri,Lulu,1582,EUW1_6881605273,0
Kaisa,Janna,Zeri,Blitzcrank,317,EUW1_6869637126,1
Zeri,Soraka,Vayne,Galio,-445,EUW1_6869594380,1
Zeri,Yuumi,Jinx,Leona,1437,EUW1_6869348196,0
Twitch,Thresh,KogMaw,Taric,1220,EUW1_6875427975,0
KogMaw,Lulu,Zeri,Blitzcrank,165,EUW1_6875379873,0
Senna,Zyra,Zeri,Seraphine,-2253,EUW1_6875353290,0
Twitch,Milio,Ezreal,Senna,2075,EUW1_6875331806,1
Zeri,Lulu,Smolder,Karma,-1991,EUW1_6875304011,0
Zeri,Zilean,Jinx,Rakan,-853,EUW1_6874114468,0
Karthus,Senna,Zeri,Rakan,4788,EUW1_6871484548,1
Zeri,Yuumi,Karthus,Pyke,1954,EUW1_6871340095,1
Jhin,Zilean,Jinx,Qiyana,-945,EUW1_6871314570,1
Samira,Nautilus,Zeri,Rell,-1642,EUW1_6867773004,0
Twitch,Hwei,Zeri,Lulu,-743,EUW1_6860854494,1
Ezreal,Xerath,Zeri,Lulu,-1953,EUW1_6860842600,0
Zeri,Pyke,Nilah,Senna,-1317,EUW1_6859150836,0
Zeri,Soraka,Kaisa,Pyke,-38,EUW1_6859062296,0
Vayne,Rell,Zeri,Karma,46,EUW1_6859024761,0
Smolder,Lulu,Zeri,Janna,-1575,EUW1_6858968926,0
Kaisa,Yuumi,Zeri,Hwei,-2436,EUW1_6858926688,0
Twitch,Shaco,Zeri,Rakan,308,EUW1_6858886590,0
Zeri,Alistar,Vayne,Rell,2070,EUW1_6858830455,1
Draven,Nami,Twitch,Seraphine,2446,EUW1_6882701316,1
Ashe,Milio,Jinx,Thresh,1370,EUW1_6882670019,0
Karthus,Morgana,Jinx,Zilean,914,EUW1_6882139064,1
Jinx,Velkoz,Twitch,Rakan,685,EUW1_6882087218,1
Kaisa,Rakan,Ezreal,Braum,583,EUW1_6881641983,1
Zeri,Thresh,Jinx,Leona,-1465,EUW1_6881205225,0
Kalista,Ashe,Seraphine,Senna,-571,EUW1_6881173248,0
Tristana,Sett,Twitch,Braum,239,EUW1_6881109343,0
Samira,Janna,Xayah,Lulu,-1934,EUW1_6880706111,0
Ashe,Rell,Jhin,Zyra,-1445,EUW1_6880676067,1
Jinx,Hwei,Twitch,Taric,737,EUW1_6880635013,1
Jinx,Morgana,TwistedFate,Bard,-314,EUW1_6879673215,0
Kaisa,Velkoz,Ezreal,Maokai,-395,EUW1_6879636529,0
Twitch,Lulu,Jinx,Renata,-14,EUW1_6879593965,0
Sivir,Pyke,Jinx,Xerath,629,EUW1_6878126433,1
Kaisa,Rakan,Samira,Nautilus,562,EUW1_6878091444,0
Varus,Pyke,Aphelios,Soraka,634,EUW1_6878069149,0
Tristana,Senna,Kaisa,Thresh,8,EUW1_6877630502,0
Jinx,Milio,Twitch,Blitzcrank,-1598,EUW1_6877570305,0
Zeri,Janna,Jinx,Nami,3203,EUW1_6882373414,1
Jinx,Janna,Ziggs,Senna,384,EUW1_6882362093,1
Draven,Janna,Ezreal,Braum,3339,EUW1_6882348245,1
Zeri,Brand,Jinx,Soraka,636,EUW1_6882337580,1
Xayah,Thresh,Zeri,Maokai,754,EUW1_6882316453,1
Ezreal,Thresh,Jinx,Lulu,1217,EUW1_6876180530,0
Jinx,Rakan,Aphelios,Pyke,-1169,EUW1_6876106985,0
Ezreal,Pyke,Zeri,Janna,1154,EUW1_6876059534,1
Ezreal,Morgana,Vayne,Janna,687,EUW1_6876002128,0
Ezreal,Karma,Vayne,Milio,2899,EUW1_6875934330,1
Sivir,Janna,Jinx,Karma,-1115,EUW1_6875865643,1
Ezreal,Nami,Vayne,Lulu,-1387,EUW1_6869775604,0
Samira,Karma,Zeri,Lux,-2786,EUW1_6869702441,0
AurelionSol,Soraka,Smolder,Senna,-1441,EUW1_6869645062,0
Smolder,Thresh,Zeri,Milio,285,EUW1_6869600648,1
Zeri,Senna,Kaisa,Pyke,-1743,EUW1_6869570484,0
Ashe,Shaco,Jinx,Rakan,-159,EUW1_6869517883,0
Zeri,Nautilus,Seraphine,Rell,-1084,EUW1_6868849307,0
Veigar,Lux,KogMaw,Janna,446,EUW1_6868426940,0
Ashe,Seraphine,Kaisa,Maokai,-670,EUW1_6879297284,0
Kaisa,Rakan,Xayah,Braum,252,EUW1_6879291062,0
Jinx,Thresh,TwistedFate,Braum,1480,EUW1_6879265294,1
Kaisa,Nautilus,Varus,Senna,1074,EUW1_6879249099,0
Kaisa,Lux,Jinx,Lulu,-2265,EUW1_6879235808,0
Kalista,Katarina,Draven,Rakan,-1147,EUW1_6879206140,0
Jinx,Rell,Kaisa,Alistar,2780,EUW1_6870288760,1
Senna,Blitzcrank,Vayne,Karma,-427,EUW1_6870218692,0
Ashe,Annie,Smolder,Janna,-1118,EUW1_6870162345,0
Jhin,Camille,Nautilus,Senna,-1150,EUW1_6868187665,0
Draven,Janna,Ashe,Lulu,-253,EUW1_6867772337,0
Ezreal,Rell,Xayah,Rakan,593,EUW1_6867743237,0
Sivir,Thresh,Katarina,Alistar,-2064,EUW1_6867371244,0
Varus,Thresh,Twitch,Braum,-410,EUW1_6867308594,0
Zeri,Yuumi,Aphelios,Bard,-2194,EUW1_6866786682,0
KogMaw,Janna,Varus,Renata,-641,EUW1_6866298916,1
Smolder,Nami,Kaisa,Blitzcrank,169,EUW1_6866277667,0
Jinx,Thresh,Ezreal,Rakan,80,EUW1_6865770327,0
Ezreal,Morgana,Zeri,Milio,1713,EUW1_6865698170,0
Sivir,Milio,Ezreal,Blitzcrank,-1304,EUW1_6864679717,0
Twitch,Blitzcrank,Ezreal,Janna,-1733,EUW1_6881765752,0
Ezreal,Senna,TwistedFate,Xerath,983,EUW1_6880716617,1
Ashe,Janna,Kaisa,Blitzcrank,50,EUW1_6880689859,0
Ezreal,Janna,Jinx,Thresh,-1851,EUW1_6877506870,0
Ezreal,Xerath,Varus,Heimerdinger,-2193,EUW1_6874407445,1
Sivir,Brand,Tristana,Pyke,-3400,EUW1_6874353292,0
Sivir,Maokai,Varus,Rakan,1322,EUW1_6873056727,1
Caitlyn,Brand,Twitch,Rell,345,EUW1_6873009457,0
MonkeyKing,Leona,Aphelios,Pyke,940,EUW1_6872732214,1
Draven,Thresh,Tristana,Nautilus,586,EUW1_6872703498,0
Varus,Thresh,Jhin,Senna,-728,EUW1_6871989469,1
Jinx,Shaco,Samira,Rell,-2956,EUW1_6871921270,0
Zeri,Brand,Aphelios,Rell,-469,EUW1_6871833789,1
Jinx,Thresh,Vayne,Nami,926,EUW1_6871774797,1
Twitch,Alistar,Ezreal,Brand,158,EUW1_6871734581,1
Draven,Brand,Kaisa,Pyke,-1172,EUW1_6871651243,1
Jhin,Brand,Kaisa,Nautilus,-216,EUW1_6871574675,1
Jhin,Bard,Jinx,Taric,1466,EUW1_6868552519,0
Zeri,Nami,Jinx,Brand,-1026,EUW1_6868509899,0
Kaisa,Brand,Jinx,Blitzcrank,-926,EUW1_6868469989,0
Aphelios,Karma,Jinx,Nautilus,-261,EUW1_6868311617,0
Jinx,Galio,Ashe,Camille,1007,EUW1_6868249422,1
Irelia,Camille,Hwei,Braum,-1380,EUW1_6868172012,0
Twitch,Milio,Yasuo,Senna,-1510,EUW1_6868109190,0
Draven,Milio,Lux,Soraka,3378,EUW1_6868064617,1
Ezreal,Blitzcrank,Kaisa,Leona,83,EUW1_6867940005,1
Ashe,Nautilus,Kaisa,Alistar,1609,EUW1_6867896865,1
Kaisa,Nami,Vayne,Renata,2255,EUW1_6867869803,1
Twitch,Renata,Kaisa,Maokai,280,EUW1_6867836767,0
KogMaw,Sona,Varus,Zilean,-1464,EUW1_6867766680,1
Kaisa,Alistar,Seraphine,Thresh,-1183,EUW1_6867738972,0
Jinx,Nautilus,Twitch,Braum,460,EUW1_6866972780,0
Kaisa,Janna,Tristana,Leona,2326,EUW1_6865247230,1
Karthus,Senna,Ezreal,Karma,-1316,EUW1_6860820181,0
Senna,Renata,Zeri,Rakan,-2856,EUW1_6881014052,0
Twitch,Braum,Ezreal,Maokai,1929,EUW1_6880983091,1
Samira,Leona,Zeri,Braum,-910,EUW1_6880956685,1
Jinx,Rumble,Jhin,Zyra,-590,EUW1_6880920180,0
Draven,Rumble,KogMaw,Nautilus,2634,EUW1_6880899754,0
Jinx,Soraka,Kaisa,Nautilus,2139,EUW1_6880133589,1
MissFortune,Zyra,Draven,Camille,-2700,EUW1_6880088634,0
Jhin,Camille,KogMaw,Milio,1638,EUW1_6880038508,1
Jinx,Rakan,Ezreal,Soraka,-1560,EUW1_6879953286,1
Nilah,Blitzcrank,Kaisa,Zilean,-3597,EUW1_6879910936,0
Kaisa,Janna,Jhin,Pantheon,-2435,EUW1_6879725880,0
Ziggs,Pyke,Ezreal,Morgana,2404,EUW1_6879692157,1
Zeri,Zyra,MissFortune,Rell,1087,EUW1_6879654794,1
Senna,Braum,Xerath,Gragas,1476,EUW1_6879620610,1
Kaisa,Rell,Aphelios,Lulu,-1227,EUW1_6879480969,0
Jinx,Pyke,Nilah,Rakan,-1014,EUW1_6879454307,0
Ashe,Thresh,Varus,Lulu,416,EUW1_6879430327,1
Nilah,Zac,Zeri,Pyke,-3007,EUW1_6879123974,0
Draven,Nidalee,Samira,Rakan,-2372,EUW1_6879088928,0
Kaisa,TahmKench,Zeri,Rakan,122,EUW1_6879643516,1
Xayah,Milio,Tristana,Thresh,-791,EUW1_6879581899,1
KogMaw,Lulu,Caitlyn,Karma,1306,EUW1_6879557940,1
Jhin,Janna,Caitlyn,Ashe,-747,EUW1_6868375306,1
Caitlyn,Lux,Karthus,Janna,-1371,EUW1_6867850839,1
Draven,Alistar,Zeri,Zac,4918,EUW1_6867830994,1
Sivir,Rakan,Twitch,Camille,3192,EUW1_6867731779,0
Zeri,Lulu,Jinx,Poppy,2568,EUW1_6862806584,0
Twitch,Zilean,Senna,Braum,1618,EUW1_6853781737,1
Hwei,Janna,Twitch,Camille,-631,EUW1_6853733682,0
Draven,Camille,Kaisa,Yuumi,3771,EUW1_6853659526,0
Yasuo,Janna,Draven,Pyke,-1959,EUW1_6840780834,1
Twitch,Neeko,Draven,Nautilus,2234,EUW1_6840713684,1
Draven,Nautilus,Lucian,Milio,553,EUW1_6840683426,1
Jhin,Rakan,Draven,Thresh,-5847,EUW1_6840663324,0
Draven,Blitzcrank,Kalista,Thresh,4505,EUW1_6840411371,1
Senna,Bard,Nilah,Nautilus,-1320,EUW1_6839474589,0
Sivir,Lulu,Smolder,Bard,307,EUW1_6838505870,1
Kalista,Rakan,Kaisa,Rell,548,EUW1_6838453095,1
Kalista,Rakan,Ashe,Shaco,266,EUW1_6838408898,1
Aphelios,Janna,MissFortune,Maokai,-229,EUW1_6838376046,1
Kaisa,Seraphine,Nilah,Thresh,-242,EUW1_6882551542,1
Hwei,Zilean,Twitch,Yuumi,2511,EUW1_6883082815,1
Xayah,Rakan,Jhin,Lux,-1266,EUW1_6882920412,0
Ezreal,Janna,Kaisa,Soraka,1097,EUW1_6882870152,0
Vayne,Thresh,Ezreal,Blitzcrank,1020,EUW1_6881074852,0
Vayne,Heimerdinger,Ashe,Pyke,727,EUW1_6879823602,1
Draven,Rakan,Xayah,Elise,176,EUW1_6879735013,1
Lucian,Janna,Jinx,Nautilus,1403,EUW1_6879676095,1
Ashe,Karma,Zeri,Seraphine,1798,EUW1_6879549259,0
Jinx,Seraphine,Twitch,Lulu,-1789,EUW1_6879499122,0
Lucian,Milio,Jinx,Zilean,-2180,EUW1_6878831944,0
Jinx,Nautilus,Caitlyn,Seraphine,-2068,EUW1_6878598687,0
Ashe,Renata,Vayne,Hwei,2053,EUW1_6878445277,1
Ezreal,Brand,Jinx,Lulu,1103,EUW1_6882132059,1
Aphelios,Rakan,Jinx,Leona,-1035,EUW1_6882089075,1
Aphelios,Thresh,Jinx,Nautilus,-1018,EUW1_6882038465,0
Jinx,Thresh,Zeri,Lulu,1176,EUW1_6881986710,1
Nilah,Zilean,Jinx,Camille,-1099,EUW1_6881928000,0
Jinx,Milio,Lucian,Sona,-352,EUW1_6880255622,0
Caitlyn,Lux,Jinx,Milio,1238,EUW1_6880188485,1
Vayne,Janna,Ezreal,Rakan,-1177,EUW1_6880126676,0
Ezreal,Zyra,Jinx,Yuumi,2531,EUW1_6880076333,1
Ashe,Milio,Caitlyn,Zyra,-966,EUW1_6879559397,0
Kaisa,Braum,Jhin,Thresh,219,EUW1_6879486855,1
Ashe,FiddleSticks,Draven,Seraphine,-1127,EUW1_6878952804,0
Jinx,Lulu,Tristana,Karma,-196,EUW1_6878880010,0
Kaisa,Janna,Ezreal,Soraka,735,EUW1_6878834720,1
Karthus,Janna,Ezreal,Brand,-209,EUW1_6877769527,1
Lucian,Rakan,Taliyah,Blitzcrank,1246,EUW1_6877710453,1
Karthus,Blitzcrank,Lucian,Milio,-1740,EUW1_6877657676,0
Jinx,Milio,Zeri,Lulu,64,EUW1_6877615819,0
Ezreal,Pantheon,Zeri,Maokai,2658,EUW1_6877565596,1
Ezreal,Lux,Kaisa,Zilean,1229,EUW1_6882629603,1
Kaisa,Zilean,Zeri,Rakan,408,EUW1_6882597743,1
Jinx,Zilean,Zeri,Zyra,-592,EUW1_6882566789,1
Jinx,Zilean,Caitlyn,Leona,-3456,EUW1_6879306069,0
Zeri,Zilean,Aphelios,Zyra,-238,EUW1_6879199588,0
Jhin,Neeko,Jinx,Zilean,2124,EUW1_6878349893,1
Jinx,Braum,Twitch,Zilean,-551,EUW1_6878303829,0
Twitch,Zilean,Zeri,Thresh,-1729,EUW1_6878266494,0
Draven,Nami,Caitlyn,Lux,5678,EUW1_6883157430,1
Aphelios,Blitzcrank,Jinx,Janna,-1412,EUW1_6883117143,0
Aphelios,Soraka,Ashe,Zilean,-860,EUW1_6883065797,0
Ziggs,Soraka,Twitch,Nami,-434,EUW1_6883007964,1
Jinx,Nami,Kaisa,Alistar,1397,EUW1_6882964566,1
Nilah,Pyke,Kaisa,Rakan,656,EUW1_6882908206,1
Jinx,Soraka,Draven,Blitzcrank,-1921,EUW1_6882863218,1
Jinx,Janna,Kaisa,Rakan,919,EUW1_6882462184,0
Kaisa,Janna,Zeri,Milio,-568,EUW1_6881575121,0
Twitch,Lulu,Kaisa,Rakan,61,EUW1_6878676796,1
Jinx,Taric,Kaisa,Thresh,-627,EUW1_6878564407,1
Draven,Nautilus,Zeri,Janna,1140,EUW1_6878519394,0
Smolder,Shaco,Aphelios,Lulu,-534,EUW1_6875895373,1
Smolder,Thresh,Zeri,Janna,-430,EUW1_6875847554,1
Twitch,Rakan,Samira,Nautilus,1706,EUW1_6875186480,1
Lucian,Milio,Sivir,Soraka,1483,EUW1_6875160090,1
Jinx,Alistar,Zeri,Swain,1429,EUW1_6875137982,1
Seraphine,Senna,Xayah,Soraka,-1175,EUW1_6874475055,0
Smolder,Lux,Jinx,Janna,-916,EUW1_6878149808,0
Ezreal,Thresh,Jinx,FiddleSticks,-576,EUW1_6878101361,1
Jinx,Alistar,Varus,Rakan,1843,EUW1_6877999566,1
Jinx,Blitzcrank,Ezreal,Pyke,54,EUW1_6877965141,1
Jinx,Renata,Kaisa,Nautilus,-324,EUW1_6877421744,1
Ezreal,Ashe,Jhin,Janna,1421,EUW1_6876655965,1
Kaisa,Milio,Draven,Seraphine,-3099,EUW1_6875974936,0
Zeri,Alistar,Trundle,Blitzcrank,3374,EUW1_6875809854,1
Draven,Nautilus,Varus,Ivern,124,EUW1_6874500754,0
Jinx,Milio,Kaisa,Janna,144,EUW1_6874081489,1
Syndra,Janna,Jinx,Pyke,-2180,EUW1_6873845481,0
Twitch,Lulu,Ashe,Karma,-1200,EUW1_6873798885,1
MissFortune,Alistar,Ashe,Rakan,-404,EUW1_6873778199,1
Ezreal,Pyke,Vayne,Zoe,-1040,EUW1_6873280358,1
Zeri,Braum,KogMaw,Taric,-194,EUW1_6873089543,1
Kaisa,Janna,Xayah,Zilean,280,EUW1_6872996758,1
Nilah,Sona,Zeri,Leona,-2282,EUW1_6871982568,0
Caitlyn,Rakan,KogMaw,Morgana,-931,EUW1_6871500039,1
Tristana,Trundle,Ezreal,Blitzcrank,1293,EUW1_6883724592,1
Jinx,Thresh,Tristana,Rakan,-366,EUW1_6883713703,0
Jinx,Seraphine,Kaisa,Camille,1348,EUW1_6883254500,1
Tristana,Nautilus,Ezreal,Sona,1616,EUW1_6883079744,1
Smolder,Camille,Tristana,Nautilus,600,EUW1_6882898721,1
Jinx,Soraka,Twitch,Lulu,908,EUW1_6882708794,1
Nilah,Soraka,Ezreal,Zilean,-354,EUW1_6882616284,0
Lucian,Milio,Kaisa,Pyke,-1313,EUW1_6882576167,1
Seraphine,Zyra,Ziggs,Pyke,812,EUW1_6882544323,1
Jinx,Leona,Jhin,Alistar,-1110,EUW1_6882507296,1
Jinx,Karma,Kaisa,Soraka,592,EUW1_6882393043,1
Vayne,Seraphine,Zeri,Rell,-670,EUW1_6882381698,0
Vayne,Poppy,Zeri,Neeko,-908,EUW1_6881908846,1
Kaisa,Thresh,Tristana,Brand,-1950,EUW1_6881557616,0
Aphelios,TahmKench,Jinx,Blitzcrank,-522,EUW1_6881503901,1
Jinx,Camille,Tristana,Poppy,1162,EUW1_6881252772,0
Jinx,Nami,Zeri,Pantheon,-3146,EUW1_6881208127,0
Zeri,Nautilus,Talon,Zilean,686,EUW1_6881170420,1
Jinx,Lulu,Aphelios,Milio,1641,EUW1_6882501679,1
Sivir,Shaco,Lucian,Milio,-2973,EUW1_6882488486,0
Jinx,Milio,Jhin,Swain,662,EUW1_6882425818,0
Lucian,Milio,Ezreal,Rell,-880,EUW1_6882399151,0
Kalista,Swain,Hwei,TwistedFate,974,EUW1_6882388120,0
Jinx,Thresh,Zeri,Soraka,729,EUW1_6882369747,1
Lucian,Janna,Jhin,Senna,328,EUW1_6876476091,0
Zeri,Yuumi,Jinx,Janna,-1629,EUW1_6876466270,0
Caitlyn,Velkoz,Draven,Teemo,-2340,EUW1_6876455358,0
Zeri,Yuumi,Twitch,Lux,-1870,EUW1_6875152531,1
Jinx,Leona,Kaisa,Lux,-2031,EUW1_6875136486,0
Kaisa,Soraka,Zeri,Lulu,-961,EUW1_6875106299,1
Jinx,Janna,Lucian,Nami,3668,EUW1_6875104677,1
Samira,Leona,Brand,Nami,-1715,EUW1_6875094468,1
Karthus,Leona,Zeri,Hwei,382,EUW1_6873777020,1
Twitch,Pyke,Lucian,Janna,1413,EUW1_6873768883,0
Ezreal,Velkoz,Draven,Nami,-3792,EUW1_6873754090,0
Jhin,Nami,Twitch,Senna,-103,EUW1_6873756509,0
Vayne,Lulu,Zeri,Thresh,2289,EUW1_6873737416,1
Ezreal,Zyra,Zeri,Lulu,-1810,EUW1_6873736055,0
Zeri,Zilean,Varus,Blitzcrank,-1036,EUW1_6872360568,1
Kalista,Velkoz,Jhin,Senna,-1337,EUW1_6872347744,1
KogMaw,Milio,Jinx,Camille,-2031,EUW1_6869504342,1
Draven,Zilean,Kaisa,Lulu,732,EUW1_6883171391,1
Samira,Nautilus,Xayah,Seraphine,-380,EUW1_6882940489,0
Zeri,Camille,Varus,Yuumi,2588,EUW1_6882893658,1
Jinx,Nautilus,Zeri,Thresh,-463,EUW1_6882843451,1
Ashe,Zilean,Twitch,Milio,212,EUW1_6882793100,1
Lucian,Nami,Twitch,Janna,-324,EUW1_6881422495,0
Kaisa,Braum,Draven,Alistar,-1612,EUW1_6880946660,0
Vayne,Braum,Jhin,Pyke,-1030,EUW1_6877154269,0
Jinx,Braum,Zeri,Lulu,-685,EUW1_6876842045,1
Yasuo,Janna,Kaisa,Thresh,-93,EUW1_6876789022,1
Nilah,Galio,Jinx,Bard,-1884,EUW1_6876728866,0
Lucian,Rell,Jinx,Rakan,-311,EUW1_6876686270,1
Zeri,Seraphine,Kaisa,Nautilus,3819,EUW1_6876660662,1
Kaisa,Blitzcrank,Jhin,Senna,397,EUW1_6870856146,0
Jinx,Thresh,Vayne,Rakan,-621,EUW1_6870832899,1
Aphelios,Rell,Ezreal,Nami,1444,EUW1_6870793381,1
Smolder,Janna,Kaisa,FiddleSticks,698,EUW1_6870733359,1
Jinx,Lulu,Karthus,Rell,-2,EUW1_6870429474,1
Kaisa,Sylas,KogMaw,Bard,-55,EUW1_6870357932,0
Jinx,Lulu,Yasuo,Rakan,839,EUW1_6870293928,1
Jinx,Zyra,Nautilus,Senna,-721,EUW1_6870223180,1
KogMaw,Lulu,TwistedFate,Lux,265,EUW1_6869963770,1
Kaisa,Rell,Samira,Pyke,-2281,EUW1_6869892223,0
Jinx,Rakan,Jhin,Xerath,-2410,EUW1_6869830286,0
Ashe,Thresh,Kalista,Neeko,-1131,EUW1_6869746784,1
Ashe,Milio,Zeri,Yuumi,-565,EUW1_6883623806,1
Lucian,Nami,Kaisa,Pyke,-923,EUW1_6883596895,0
Jinx,Janna,Aphelios,Lulu,880,EUW1_6883574765,0
Lucian,Thresh,Jinx,Milio,731,EUW1_6883546555,1
Xayah,Janna,Jinx,Milio,-446,EUW1_6883497917,0
Varus,Lulu,Ziggs,Leona,-510,EUW1_6883450795,0
Jinx,Leona,Zeri,Blitzcrank,-927,EUW1_6883052345,0
Lucian,Hwei,Ashe,Rumble,-1314,EUW1_6883006562,0
Kaisa,Karma,Jhin,Twitch,237,EUW1_6882839344,1
Smolder,Sona,Vayne,Janna,-2127,EUW1_6882282671,0
Jinx,Blitzcrank,Sivir,Janna,-1119,EUW1_6882272603,1
Caitlyn,Braum,Jinx,Blitzcrank,1059,EUW1_6882262473,1
Nilah,Senna,Smolder,Braum,313,EUW1_6882241500,1
KogMaw,Lulu,Jinx,Shaco,2,EUW1_6882111258,1
TahmKench,Senna,Jinx,Janna,1934,EUW1_6882008415,0
Lucian,Taric,Zeri,Lulu,361,EUW1_6881955677,1
Jinx,Rakan,Zeri,Zilean,-2451,EUW1_6881472675,0
Ezreal,Zilean,Zeri,Senna,-1820,EUW1_6881415475,0
Kaisa,Lulu,Varus,Velkoz,751,EUW1_6880819071,0
Ashe,Rakan,Lucian,Zyra,-2611,EUW1_6882163820,0
Ezreal,Janna,Kaisa,Nautilus,86,EUW1_6882119968,1
Varus,Zyra,Ashe,Thresh,2369,EUW1_6882084805,1
Varus,Zyra,Jhin,Xerath,363,EUW1_6882021555,1
Jinx,Zyra,Ezreal,Camille,1278,EUW1_6881896645,0
Aphelios,Zyra,Twitch,Lulu,769,EUW1_6881836323,1
Smolder,Zyra,Jinx,Zilean,663,EUW1_6881774076,1
Jhin,Alistar,Caitlyn,Zyra,-1862,EUW1_6881721669,0
Xerath,Zyra,Brand,Nami,1917,EUW1_6881660248,1
Twitch,Pyke,Aphelios,Lulu,2582,EUW1_6881603585,0
Ashe,Zyra,Zeri,Nautilus,-1686,EUW1_6880768926,1
Varus,Zyra,Draven,Pyke,-2852,EUW1_6880750544,1
Jhin,Karma,Ezreal,Zyra,770,EUW1_6880722139,1
Twitch,Lulu,Jinx,Zyra,-1186,EUW1_6879317152,0
Twitch,Zyra,Jinx,Milio,1251,EUW1_6879309731,1
Zeri,Lulu,Ezreal,Zyra,-1191,EUW1_6879284333,0
Zoe,Camille,Xayah,Zyra,825,EUW1_6879273857,1
Zeri,Braum,Jinx,Nautilus,1189,EUW1_6881235966,1
Vayne,Renata,Jinx,Brand,1639,EUW1_6881117710,1
Jinx,Braum,Caitlyn,Karma,346,EUW1_6881027067,0
Ashe,Sona,Jinx,Nautilus,417,EUW1_6879420196,0
Ezreal,Karma,Varus,Zyra,-35,EUW1_6878133598,0
Zeri,Braum,Kaisa,Janna,654,EUW1_6878102128,1
Kalista,Renata,Twitch,Lux,1056,EUW1_6877164149,1
TwistedFate,Lulu,Twitch,Milio,1063,EUW1_6876567093,1
Ashe,Janna,Jinx,Zilean,74,EUW1_6876527182,1
Twitch,Janna,Jhin,Thresh,-1345,EUW1_6874345097,1
Vayne,Lux,Ezreal,Hwei,-1836,EUW1_6872906231,1
Lucian,Braum,Draven,Pyke,-404,EUW1_6870109714,0
Jinx,Milio,Smolder,Nami,-2,EUW1_6869646067,0
Jinx,Milio,Ezreal,Leona,-1094,EUW1_6879030735,0
Ezreal,Lux,Ashe,Nautilus,1737,EUW1_6877767603,0
Caitlyn,Nami,Lucian,Janna,670,EUW1_6877738761,1
Ashe,Lulu,MissFortune,Nasus,908,EUW1_6877720493,1
Caitlyn,Senna,Ezreal,Velkoz,67,EUW1_6877653965,1
Twitch,Braum,Jhin,Janna,-1943,EUW1_6877605563,1
Karthus,Ashe,Twitch,Renata,40,EUW1_6877532001,1
Yasuo,TwistedFate,Jhin,Thresh,-1969,EUW1_6877402073,0
Samira,Rell,Jinx,Annie,1509,EUW1_6877337200,0
Caitlyn,Janna,Jinx,Thresh,-905,EUW1_6877285862,0
Caitlyn,Lulu,Varus,Janna,-2057,EUW1_6877128762,0
Ashe,Rakan,Samira,Maokai,-904,EUW1_6877080214,0
Vayne,Lulu,Ezreal,Lux,-657,EUW1_6876779994,1
Zeri,Janna,Smolder,Zilean,356,EUW1_6876284854,0
Kaisa,Brand,Jinx,Velkoz,830,EUW1_6876234454,0
Aphelios,Thresh,Kaisa,Leona,-57,EUW1_6876181585,0
Ezreal,FiddleSticks,Twitch,Renata,-1338,EUW1_6876117507,1
Twitch,Morgana,Ashe,Lulu,-1580,EUW1_6876054955,1
Jinx,Milio,Ashe,Seraphine,-725,EUW1_6875974372,1
Smolder,Heimerdinger,Jinx,Thresh,738,EUW1_6875787503,1
Zeri,Leona,Aphelios,Rakan,-785,EUW1_6881228406,1
